N,P,K,temperature,humidity,ph,rainfall,season,label
65,29,45,14.2,54.6,6.6,70.5,Winter,orange
65,46,34,17.1,63.5,7.4,79.0,Winter,wheat
59,25,21,18.5,66.6,6.7,46.3,Winter,potato
74,43,27,32.2,79.3,6.1,162.5,Spring,papaya
94,36,52,32.2,89.7,6.2,183.5,Summer,banana
54,37,36,14.5,71.5,5.6,107.3,Winter,orange
59,40,29,24.6,51.4,5.5,99.1,Autumn,cotton
46,33,21,19.2,45.6,6.1,75.1,Winter,carrot
48,33,17,17.4,56.2,5.6,67.5,Winter,carrot
45,32,24,14.9,67.0,6.4,60.4,Winter,potato
75,60,30,13.4,50.4,6.6,63.3,Winter,wheat
68,30,40,31.9,68.3,6.6,132.1,Summer,soybean
55,26,35,33.9,51.2,7.3,119.4,Autumn,cotton
62,20,39,21.4,55.5,7.1,62.2,Winter,grapes
59,29,38,24.2,60.1,6.5,66.3,Autumn,cotton
76,60,38,19.4,57.2,7.4,100.6,Winter,wheat
91,35,35,27.5,70.3,6.3,268.2,Summer,rice
48,35,33,30.8,63.8,5.7,89.1,Autumn,cotton
76,54,46,11.0,66.4,6.1,120.6,Winter,wheat
87,40,36,26.3,74.9,6.1,251.1,Summer,rice
78,48,47,25.0,87.6,5.7,206.6,Summer,banana
83,46,36,26.9,62.0,5.7,81.1,Spring,maize
53,58,30,19.1,73.5,6.0,69.6,Winter,wheat
40,26,31,29.4,47.9,6.0,112.8,Autumn,cotton
69,24,32,29.1,52.1,6.6,73.4,Spring,tomato
57,39,35,7.1,69.8,6.2,70.1,Winter,apple
63,40,24,21.4,53.7,5.8,92.7,Winter,grapes
84,37,34,24.0,61.6,6.4,85.4,Summer,soybean
50,43,35,17.8,70.0,5.7,68.3,Winter,orange
82,27,44,31.8,60.3,6.6,225.3,Summer,mango
66,43,28,13.3,54.8,7.0,82.4,Winter,apple
63,29,35,30.4,84.6,6.1,169.3,Spring,papaya
54,15,15,17.9,52.7,6.1,51.4,Winter,carrot
58,35,32,28.1,57.5,5.8,123.2,Spring,tomato
100,50,53,24.8,89.6,6.3,218.4,Summer,banana
48,38,27,28.1,57.3,5.7,107.9,Spring,tomato
50,46,39,9.2,51.7,6.1,114.5,Winter,apple
61,34,40,25.4,61.8,7.0,99.1,Autumn,cotton
70,44,29,12.5,54.2,6.0,84.6,Winter,apple
45,21,39,31.1,57.5,6.9,91.1,Autumn,cotton
59,29,25,19.5,70.8,6.6,128.3,Spring,tomato
64,23,25,23.9,68.6,6.3,62.7,Spring,tomato
39,17,26,20.1,59.0,5.7,53.7,Winter,onion
65,43,27,22.1,78.3,6.3,171.9,Spring,papaya
65,20,29,19.1,65.8,5.9,113.0,Spring,tomato
64,33,29,22.8,77.7,6.7,127.0,Summer,soybean
71,41,39,25.5,71.9,6.7,175.7,Spring,maize
39,34,16,15.2,49.4,5.7,75.5,Winter,carrot
79,34,39,6.0,54.7,5.7,142.2,Winter,apple
85,35,31,24.8,68.0,6.4,90.9,Spring,maize
65,42,45,14.3,52.8,6.6,96.0,Winter,wheat
49,39,40,20.6,53.0,5.8,70.5,Winter,grapes
69,30,44,24.5,71.6,6.3,75.3,Summer,soybean
62,43,30,28.9,78.9,6.2,165.9,Summer,soybean
85,42,37,26.0,66.4,5.8,173.7,Summer,mango
80,37,48,26.9,77.9,5.5,284.4,Summer,banana
74,29,46,25.7,62.3,7.4,206.6,Summer,mango
44,24,19,9.9,60.6,6.6,53.9,Winter,carrot
53,30,33,16.0,68.7,6.3,51.9,Winter,grapes
54,38,35,25.1,48.3,6.3,93.3,Autumn,cotton
57,26,22,19.5,60.4,6.2,48.0,Winter,potato
65,29,23,34.1,48.8,6.4,119.5,Autumn,cotton
77,52,44,13.1,69.3,6.9,98.1,Winter,wheat
60,37,33,20.3,62.1,6.3,74.8,Spring,maize
46,28,29,24.7,65.9,5.6,114.0,Autumn,cotton
79,34,35,6.5,69.2,6.7,121.2,Winter,apple
64,56,42,12.8,66.3,6.8,108.4,Winter,wheat
63,42,25,24.0,66.1,7.0,96.0,Spring,papaya
67,23,38,19.4,72.8,6.6,64.9,Spring,tomato
73,45,39,22.6,67.0,7.1,152.1,Summer,soybean
46,29,22,15.4,59.9,6.9,83.8,Winter,onion
70,33,38,29.6,69.6,6.0,134.1,Spring,papaya
55,35,22,19.4,50.5,5.8,57.8,Winter,potato
95,50,47,25.6,76.9,6.6,218.1,Summer,banana
68,42,26,32.5,70.4,6.7,75.0,Summer,soybean
67,45,36,22.4,55.7,6.6,170.1,Spring,maize
78,44,32,18.2,62.7,6.2,77.1,Winter,apple
67,37,39,21.6,70.5,6.5,110.5,Spring,tomato
83,32,48,32.7,73.5,6.7,210.6,Summer,banana
82,43,30,30.1,73.1,6.6,158.6,Summer,soybean
62,45,30,18.1,68.5,7.1,128.5,Winter,wheat
60,40,34,29.6,56.5,6.8,116.5,Spring,maize
54,18,35,16.8,58.4,6.4,68.5,Winter,onion
40,30,22,28.8,69.4,6.5,114.4,Autumn,cotton
63,34,22,23.1,63.2,5.6,65.9,Winter,grapes
73,37,56,26.9,82.8,6.9,241.9,Summer,banana
54,34,25,19.1,47.7,6.0,93.3,Winter,onion
40,23,30,19.4,53.8,6.0,50.0,Winter,potato
99,48,57,25.7,89.1,6.1,176.2,Summer,banana
65,37,39,16.7,74.2,6.9,124.7,Winter,orange
78,57,33,13.6,67.5,7.1,131.5,Winter,wheat
42,30,29,29.5,66.4,6.3,60.2,Autumn,cotton
61,32,24,23.8,66.7,6.2,85.4,Spring,tomato
100,55,37,27.1,74.3,6.1,207.0,Summer,rice
78,25,34,27.4,78.7,7.4,214.8,Summer,mango
69,34,35,29.6,64.2,5.8,104.5,Spring,maize
64,41,45,25.2,60.6,6.4,107.1,Summer,mango
80,33,33,25.9,82.0,5.8,97.9,Spring,papaya
58,46,47,19.0,65.3,7.0,128.0,Winter,wheat
60,37,38,21.0,73.0,6.1,125.8,Spring,tomato
58,35,24,15.8,54.0,6.2,58.3,Winter,onion
63,30,37,28.5,68.2,6.3,106.6,Summer,soybean
42,23,28,19.1,66.6,6.1,48.9,Winter,potato
41,40,40,27.9,46.4,5.6,111.9,Autumn,cotton
81,28,33,27.2,73.0,6.7,91.0,Summer,mango
79,31,29,23.6,63.3,6.0,175.8,Spring,papaya
53,17,26,16.1,53.3,6.9,50.4,Winter,onion
59,28,30,14.2,59.4,6.5,84.8,Winter,carrot
71,35,45,17.6,70.3,5.9,110.0,Winter,orange
81,41,60,29.2,72.7,5.6,197.2,Summer,banana
66,27,36,25.6,49.2,5.7,101.7,Autumn,cotton
60,45,30,29.4,60.3,6.3,112.3,Summer,mango
46,37,24,24.7,60.7,5.8,54.4,Spring,tomato
42,31,21,30.9,57.7,6.9,50.9,Autumn,cotton
75,37,38,19.7,57.1,6.4,94.3,Winter,orange
62,31,28,21.6,61.9,6.2,74.9,Spring,tomato
61,35,30,18.1,71.7,6.6,158.0,Spring,maize
70,37,42,26.1,66.3,6.7,83.8,Spring,papaya
63,33,25,20.9,50.2,5.8,134.4,Spring,tomato
62,44,31,10.4,74.7,7.4,95.9,Winter,wheat
64,39,44,32.1,81.2,5.5,125.5,Summer,mango
79,41,41,26.2,83.7,5.7,124.6,Spring,papaya
69,32,28,16.4,64.6,6.4,117.9,Winter,orange
73,45,34,14.0,54.7,6.8,159.2,Winter,orange
72,38,25,28.5,73.4,6.5,177.5,Summer,soybean
63,31,50,27.3,74.1,6.5,171.1,Summer,mango
64,26,30,27.4,47.5,7.0,101.5,Autumn,cotton
68,39,39,28.1,48.7,6.4,56.4,Autumn,cotton
54,48,27,8.6,63.1,6.2,95.6,Winter,apple
57,22,35,15.4,52.8,6.7,75.9,Winter,potato
63,42,41,24.1,69.3,6.3,113.0,Spring,papaya
55,39,27,23.7,62.8,5.6,67.6,Winter,grapes
49,40,40,30.0,49.8,6.6,65.7,Autumn,cotton
86,36,44,26.5,78.0,5.9,217.4,Summer,banana
95,59,47,20.0,80.4,6.8,257.2,Summer,rice
53,26,38,22.0,55.2,5.7,62.8,Spring,tomato
53,59,45,11.3,67.4,6.1,82.4,Winter,wheat
98,30,50,33.5,81.6,6.8,252.3,Summer,banana
74,56,48,10.4,59.0,6.7,116.3,Winter,wheat
47,40,34,19.4,64.1,6.4,72.9,Spring,tomato
44,35,35,17.6,50.7,6.5,88.8,Winter,carrot
72,55,32,11.4,67.7,7.4,94.6,Winter,wheat
40,18,28,8.6,54.5,6.1,57.6,Winter,carrot
89,27,40,26.7,70.6,7.2,209.5,Summer,mango
62,45,42,33.9,60.8,6.6,236.3,Summer,mango
50,30,24,19.9,67.5,6.3,71.8,Winter,potato
56,34,25,22.9,59.0,6.5,118.7,Spring,tomato
55,55,46,18.5,74.1,7.5,86.0,Winter,wheat
78,38,29,19.9,68.1,5.7,97.4,Winter,apple
57,30,33,16.6,66.5,6.0,51.4,Winter,apple
96,32,53,30.2,83.1,6.0,185.8,Summer,banana
88,46,41,20.0,71.0,5.7,79.5,Spring,maize
65,57,39,21.7,73.9,6.3,118.6,Winter,wheat
60,45,41,31.3,62.6,6.2,80.8,Summer,soybean
70,29,45,22.7,73.8,6.4,138.3,Summer,soybean
53,38,40,6.7,66.7,6.2,145.2,Winter,apple
37,30,23,13.5,46.4,5.7,44.5,Winter,carrot
58,27,38,15.1,59.8,6.5,80.2,Winter,grapes
53,33,25,13.0,56.4,6.6,70.6,Winter,carrot
45,31,31,16.0,69.5,6.0,92.7,Winter,potato
53,32,34,27.6,59.4,6.8,64.3,Autumn,cotton
80,36,44,34.6,80.5,6.4,162.1,Summer,banana
67,20,24,30.1,45.9,6.1,80.7,Autumn,cotton
84,34,44,31.0,65.5,6.3,83.1,Spring,papaya
60,25,28,21.6,57.2,7.0,63.7,Winter,orange
52,15,18,12.7,62.0,6.7,61.4,Winter,carrot
53,32,38,10.3,61.8,6.5,111.2,Winter,apple
57,15,18,22.0,66.1,5.9,74.2,Winter,onion
45,25,22,14.3,68.1,5.7,61.8,Winter,potato
91,56,43,28.6,89.8,6.7,264.2,Summer,rice
98,60,39,27.2,77.4,6.0,251.8,Summer,rice
75,40,41,32.6,80.9,6.9,250.9,Summer,banana
66,41,35,20.5,70.2,5.9,139.5,Winter,orange
69,26,38,14.4,49.8,6.3,112.6,Winter,grapes
88,48,48,23.4,70.8,5.9,285.0,Summer,rice
81,43,32,22.9,74.9,6.8,75.6,Summer,soybean
72,32,38,20.5,56.2,6.8,153.9,Winter,orange
65,29,21,14.4,67.0,6.3,95.6,Winter,potato
51,27,23,32.1,47.8,6.7,91.7,Autumn,cotton
38,16,30,10.7,54.0,5.9,52.2,Winter,carrot
56,18,31,19.7,67.2,6.9,46.3,Winter,onion
85,42,48,26.6,82.1,6.2,278.7,Summer,banana
49,28,19,18.8,59.4,6.3,74.2,Winter,onion
60,27,34,19.1,66.0,6.7,91.9,Winter,onion
46,30,27,13.1,67.3,6.4,99.1,Winter,potato
45,31,31,14.2,54.3,6.5,99.7,Winter,potato
56,21,32,11.5,58.4,6.3,42.7,Winter,potato
86,45,35,22.7,72.6,5.5,98.0,Spring,maize
40,32,30,15.4,50.5,6.5,54.5,Winter,potato
66,28,36,26.5,55.1,6.2,73.9,Summer,soybean
78,32,37,22.7,76.5,6.4,163.7,Spring,papaya
50,26,25,19.6,54.7,7.3,57.1,Winter,grapes
63,50,33,15.7,68.2,6.5,149.4,Winter,apple
52,31,34,10.0,51.2,5.6,137.6,Winter,apple
56,34,22,12.4,54.5,5.7,84.1,Winter,onion
61,39,39,19.6,67.4,7.2,62.3,Winter,grapes
66,25,39,25.9,68.7,5.8,92.7,Spring,tomato
44,33,29,30.8,52.8,6.3,88.4,Autumn,cotton
51,45,46,11.4,61.9,7.4,64.5,Winter,wheat
68,27,34,23.5,69.2,6.8,130.0,Spring,tomato
53,20,27,23.4,51.4,5.8,84.8,Spring,tomato
65,37,26,21.3,61.1,6.5,115.9,Winter,grapes
71,31,29,20.8,51.0,6.4,86.1,Winter,orange
100,36,49,30.7,75.5,6.1,250.3,Summer,rice
80,37,32,6.0,58.6,5.5,128.6,Winter,apple
64,38,41,28.8,68.1,6.3,236.8,Summer,mango
63,33,31,18.5,63.2,6.9,79.4,Winter,orange
96,57,37,24.0,83.3,5.9,274.9,Summer,rice
70,45,44,24.3,80.6,6.1,127.5,Spring,papaya
57,27,42,17.1,52.7,5.6,147.1,Winter,orange
57,32,35,21.5,63.5,6.5,147.3,Winter,orange
64,29,23,21.5,56.3,6.0,67.9,Spring,tomato
71,32,48,34.4,82.7,6.3,214.0,Summer,banana
80,40,40,22.1,69.0,7.4,118.2,Summer,soybean
77,46,48,28.3,80.3,6.8,259.3,Summer,banana
75,43,37,11.3,51.7,6.5,144.6,Winter,apple
77,37,46,26.1,82.3,6.8,255.8,Summer,banana
50,29,27,16.4,63.0,6.1,42.4,Winter,onion
54,49,37,5.2,60.4,5.9,78.7,Winter,apple
85,27,45,24.7,76.2,6.5,124.1,Spring,papaya
80,52,50,18.0,52.3,7.1,57.4,Winter,wheat
71,48,31,11.0,59.7,6.2,95.0,Winter,wheat
63,35,34,22.9,71.6,6.9,122.8,Summer,soybean
53,38,40,16.4,60.3,7.2,61.1,Winter,grapes
75,43,38,11.8,65.3,6.4,137.2,Winter,orange
90,39,41,26.6,89.7,5.9,274.7,Summer,rice
77,26,31,27.8,67.0,6.5,99.3,Spring,papaya
60,31,30,18.8,57.4,6.0,83.1,Winter,carrot
68,46,38,5.6,49.2,5.6,96.7,Winter,apple
50,22,20,14.0,64.8,6.6,64.1,Winter,carrot
73,45,26,31.0,75.2,6.2,98.9,Spring,papaya
62,28,39,32.7,72.0,6.0,101.5,Summer,soybean
68,37,38,18.2,73.0,6.3,156.5,Winter,orange
51,41,30,10.6,71.3,6.0,125.5,Winter,orange
90,34,59,26.3,76.5,6.4,184.9,Summer,banana
48,16,24,17.9,49.6,6.4,62.4,Winter,onion
73,25,43,21.5,57.3,5.6,99.3,Winter,orange
57,27,27,12.2,64.1,6.9,63.2,Winter,orange
84,58,36,29.3,70.8,6.3,294.0,Summer,rice
62,34,37,15.6,55.9,5.9,94.2,Winter,grapes
56,25,27,12.2,51.1,5.7,89.9,Winter,carrot
77,34,27,27.6,79.7,6.3,92.9,Spring,papaya
83,25,39,30.1,77.2,5.6,85.9,Spring,papaya
62,24,23,8.3,51.4,6.6,87.4,Winter,potato
65,29,24,9.0,57.1,5.8,99.5,Winter,potato
43,24,38,29.8,51.5,7.2,61.2,Autumn,cotton
62,56,45,17.9,60.6,6.6,125.5,Winter,wheat
70,37,33,12.2,70.3,6.9,111.5,Winter,orange
60,21,36,31.5,62.0,5.7,84.2,Autumn,cotton
69,47,42,29.6,55.1,6.8,144.8,Spring,maize
75,32,45,22.7,69.9,6.5,158.6,Spring,papaya
69,51,32,17.7,61.2,7.3,138.8,Winter,wheat
74,47,45,18.6,49.3,6.7,51.3,Winter,apple
62,34,26,13.4,46.1,6.5,49.7,Winter,potato
64,51,32,14.8,74.1,6.3,87.1,Winter,wheat
62,28,41,23.5,76.6,6.8,130.1,Spring,papaya
80,46,39,20.8,55.6,6.5,76.3,Spring,maize
63,29,20,11.8,59.8,6.1,64.4,Winter,potato
49,35,34,19.3,51.4,6.2,41.4,Winter,potato
74,50,54,27.8,79.6,6.3,217.0,Summer,banana
62,30,42,25.1,70.1,6.3,124.5,Spring,papaya
39,21,16,13.0,51.2,6.9,78.4,Winter,onion
93,41,47,33.4,88.1,5.7,166.2,Summer,banana
65,26,25,26.9,66.5,5.8,111.8,Spring,papaya
63,35,23,18.1,46.9,6.7,96.0,Winter,potato
53,50,49,16.1,57.4,6.3,66.9,Winter,wheat
95,58,50,26.5,82.9,5.8,199.8,Summer,rice
50,55,50,10.8,62.8,7.2,63.9,Winter,wheat
69,35,45,31.5,67.2,6.8,132.3,Spring,papaya
47,28,31,12.5,59.5,6.5,101.3,Winter,grapes
95,49,46,23.1,86.2,5.8,253.6,Summer,rice
70,41,41,28.3,83.5,6.3,87.8,Spring,papaya
53,26,28,29.4,58.9,5.5,100.9,Spring,tomato
63,24,33,18.9,50.2,6.5,69.1,Spring,tomato
52,34,29,19.5,59.5,6.5,59.4,Winter,onion
91,53,48,26.2,88.9,6.3,231.3,Summer,rice
86,43,52,34.3,72.9,6.8,263.0,Summer,banana
40,20,22,15.6,53.7,6.3,86.5,Winter,carrot
66,20,32,31.3,61.1,7.0,77.4,Autumn,cotton
50,38,28,18.4,52.3,6.7,72.6,Winter,orange
65,37,28,28.0,55.9,5.8,70.4,Spring,tomato
78,39,50,35.8,72.0,7.0,111.4,Summer,mango
82,30,26,26.8,61.3,7.3,172.9,Summer,soybean
81,47,30,26.1,63.5,7.0,84.7,Spring,maize
72,50,37,15.8,65.6,6.1,130.5,Winter,apple
68,34,38,28.2,55.1,7.3,114.9,Summer,soybean
57,21,23,11.3,54.9,5.8,65.6,Winter,potato
50,31,34,18.8,62.5,6.5,42.7,Winter,carrot
35,33,26,9.7,55.2,5.6,45.3,Winter,carrot
61,44,40,21.4,53.4,6.9,76.3,Winter,wheat
81,47,42,26.6,58.6,5.9,122.9,Spring,maize
89,48,42,25.1,71.4,6.3,210.2,Summer,rice
48,18,17,15.5,68.8,6.2,65.5,Winter,onion
82,44,48,24.7,88.7,6.3,171.1,Summer,banana
86,39,45,26.7,85.6,6.4,220.6,Summer,rice
83,45,33,26.0,79.6,5.7,121.1,Spring,papaya
56,27,28,14.9,68.8,6.0,58.7,Winter,potato
82,37,39,30.4,80.5,5.7,295.7,Summer,rice
75,49,36,19.0,56.0,5.8,142.5,Spring,maize
64,38,29,14.0,69.1,6.2,123.0,Winter,apple
80,47,33,19.8,45.7,5.7,128.8,Winter,apple
52,30,40,20.2,63.8,5.9,93.0,Winter,orange
45,21,34,22.9,47.1,5.9,63.1,Winter,grapes
81,35,59,34.9,72.3,6.4,212.1,Summer,banana
46,39,39,24.5,52.4,7.4,87.6,Autumn,cotton
85,43,41,24.5,85.5,7.0,243.5,Summer,rice
39,22,27,14.7,52.9,6.8,82.0,Winter,carrot
83,25,42,30.6,75.1,6.9,118.4,Spring,papaya
66,25,34,11.8,65.8,6.9,156.2,Winter,orange
67,20,27,18.6,48.8,6.5,108.3,Winter,grapes
83,34,45,19.4,74.0,6.0,115.8,Spring,maize
62,60,40,15.9,71.4,7.0,60.8,Winter,wheat
76,44,43,26.8,72.0,7.5,177.1,Summer,soybean
52,45,25,14.7,66.1,6.2,148.7,Winter,apple
58,17,26,12.4,68.5,6.2,94.8,Winter,onion
45,24,21,12.3,56.3,5.9,45.4,Winter,carrot
43,34,25,21.0,47.4,6.1,64.8,Winter,onion
64,23,25,27.9,61.2,6.7,103.6,Spring,tomato
67,30,34,18.0,62.8,6.5,107.6,Spring,maize
65,45,25,33.9,64.2,5.6,123.6,Spring,papaya
62,34,28,19.3,67.5,7.0,64.5,Winter,grapes
81,41,43,31.2,74.1,6.2,162.8,Summer,banana
57,27,25,16.5,64.6,5.7,125.7,Winter,orange
68,26,44,23.7,72.9,6.0,158.6,Spring,papaya
85,26,30,27.6,67.8,6.7,85.8,Summer,mango
54,31,45,8.1,68.2,6.9,98.5,Winter,apple
61,38,42,17.9,59.5,6.3,105.0,Winter,apple
71,26,33,10.9,57.0,6.9,138.1,Winter,orange
87,43,39,34.9,69.8,6.2,100.8,Summer,mango
46,15,32,13.5,64.7,5.7,42.8,Winter,carrot
70,31,38,21.6,71.3,5.9,75.1,Spring,tomato
74,44,33,32.1,73.6,6.1,183.6,Summer,mango
85,56,46,25.9,70.9,6.4,284.9,Summer,rice
93,34,47,25.7,70.7,6.6,202.0,Summer,banana
55,15,16,8.4,62.8,6.4,40.9,Winter,carrot
54,29,40,27.7,70.0,5.8,119.3,Autumn,cotton
72,42,59,27.6,78.5,5.5,181.5,Summer,banana
82,45,45,20.2,64.1,5.6,108.6,Spring,maize
48,38,31,26.1,70.3,5.9,107.0,Spring,tomato
54,42,29,16.6,54.8,6.9,63.0,Winter,orange
82,37,47,26.6,77.8,5.7,279.8,Summer,rice
59,30,30,24.0,69.7,7.0,102.1,Autumn,cotton
44,19,24,12.0,55.0,5.5,67.2,Winter,carrot
71,56,30,17.0,56.7,6.3,143.5,Winter,wheat
52,42,40,14.2,66.7,6.9,132.6,Winter,orange
44,28,23,15.3,60.1,5.8,50.6,Winter,carrot
71,39,44,21.4,62.4,5.5,105.0,Spring,maize
50,59,31,16.5,63.5,6.6,87.2,Winter,wheat
62,29,29,13.2,64.8,5.6,82.2,Winter,potato
59,23,34,21.6,63.0,6.7,79.7,Winter,onion
57,29,34,29.4,52.7,5.8,96.3,Spring,tomato
97,32,58,25.8,70.5,6.6,264.9,Summer,banana
42,26,32,13.1,57.3,5.9,80.9,Winter,carrot
48,21,30,14.9,63.4,5.7,63.7,Winter,carrot
69,36,35,19.9,46.2,6.5,77.1,Winter,grapes
69,31,37,23.8,46.8,6.9,92.5,Winter,grapes
53,22,20,24.9,63.8,6.6,104.0,Autumn,cotton
83,39,38,29.7,56.0,6.9,164.4,Spring,maize
52,35,28,15.1,58.9,6.4,88.7,Winter,potato
86,34,47,28.4,75.5,6.4,143.0,Summer,mango
61,23,23,28.6,47.4,6.8,120.0,Autumn,cotton
80,57,45,12.5,73.6,6.3,71.4,Winter,wheat
60,37,35,34.7,67.2,5.7,239.9,Summer,mango
57,43,41,14.0,48.6,5.7,60.6,Winter,apple
55,27,33,17.7,61.0,6.6,81.4,Winter,orange
47,15,30,10.0,64.8,6.1,73.8,Winter,onion
64,26,44,29.4,76.8,6.6,106.0,Summer,soybean
59,30,26,16.2,58.4,5.9,110.8,Winter,orange
52,22,34,33.0,45.0,7.4,58.5,Autumn,cotton
65,35,20,27.5,48.0,5.5,90.0,Autumn,cotton
52,53,39,16.8,50.8,7.0,50.9,Winter,wheat
92,43,50,24.7,73.2,5.5,208.2,Summer,rice
62,47,31,16.1,61.3,6.9,130.9,Winter,wheat
93,56,36,26.9,87.4,6.7,180.3,Summer,rice
76,43,43,25.5,65.9,6.2,151.8,Spring,maize
78,39,45,30.8,86.6,5.7,183.7,Summer,banana
57,33,35,16.4,56.0,5.5,66.5,Winter,grapes
73,39,42,18.9,74.3,5.6,77.0,Winter,orange
46,19,28,9.3,62.1,6.0,84.3,Winter,carrot
77,31,32,14.1,49.3,6.3,52.0,Winter,apple
42,22,30,14.4,57.3,6.3,96.9,Winter,potato
99,60,36,22.2,74.2,6.6,224.9,Summer,rice
52,37,21,16.3,50.5,6.4,44.5,Winter,grapes
56,34,24,13.0,49.6,6.6,74.4,Winter,carrot
65,44,26,17.2,53.4,5.7,157.7,Winter,orange
42,24,40,28.4,49.3,7.1,54.8,Autumn,cotton
62,40,30,12.2,51.3,6.8,106.2,Winter,grapes
70,46,41,25.8,81.8,5.8,282.9,Summer,banana
53,39,43,5.5,51.8,5.9,64.8,Winter,apple
68,26,27,28.3,71.1,6.8,149.3,Spring,papaya
79,60,36,20.7,60.4,7.2,130.0,Winter,wheat
66,26,30,33.1,50.4,6.7,101.1,Autumn,cotton
81,45,34,32.7,70.0,6.6,205.5,Summer,mango
41,26,30,8.9,54.3,6.8,90.1,Winter,potato
65,32,35,29.6,56.1,7.4,113.1,Autumn,cotton
49,40,27,30.7,69.9,6.8,104.5,Autumn,cotton
76,36,54,26.3,84.3,6.4,187.3,Summer,banana
59,27,39,28.1,72.4,6.8,55.0,Spring,tomato
84,50,37,29.1,80.2,6.1,286.5,Summer,rice
69,31,40,16.9,50.2,6.6,67.8,Winter,grapes
64,33,27,12.2,59.4,7.1,83.5,Winter,grapes
52,29,40,33.4,59.2,7.4,52.1,Autumn,cotton
54,45,26,19.7,51.6,5.7,59.6,Winter,apple
35,27,17,20.9,54.9,6.1,99.7,Winter,onion
40,36,22,27.6,46.8,6.2,76.7,Autumn,cotton
69,25,30,35.3,83.3,6.0,110.7,Summer,mango
42,20,28,15.7,63.1,6.1,75.7,Winter,potato
35,19,24,8.8,53.3,6.9,88.8,Winter,carrot
59,41,34,12.4,56.6,6.5,118.4,Winter,orange
52,40,25,24.4,54.4,5.5,81.9,Spring,tomato
54,24,25,13.6,69.6,6.8,42.9,Winter,grapes
62,25,22,25.2,72.7,6.8,99.9,Spring,tomato
68,36,38,26.7,68.5,6.6,126.3,Spring,papaya
76,47,33,23.2,74.9,6.1,111.8,Spring,maize
75,31,33,16.9,53.1,5.7,135.1,Winter,orange
59,48,30,17.7,56.8,6.5,107.6,Winter,apple
59,52,48,15.2,70.6,6.1,120.3,Winter,wheat
35,17,30,18.9,49.9,6.2,87.3,Winter,onion
90,41,50,31.3,79.3,7.3,191.0,Summer,mango
48,24,27,14.7,65.9,5.9,54.6,Winter,potato
41,16,32,8.4,47.8,5.7,88.8,Winter,carrot
63,39,36,28.9,60.9,6.3,107.7,Autumn,cotton
84,37,38,30.2,65.5,6.5,132.2,Spring,papaya
68,37,41,18.6,65.7,6.1,90.9,Winter,orange
45,29,31,24.9,50.8,5.8,118.3,Spring,tomato
68,35,36,25.4,63.7,5.6,114.2,Spring,maize
74,37,30,15.9,54.6,5.8,94.7,Winter,orange
52,32,32,11.1,64.4,5.9,44.5,Winter,potato
49,23,33,28.5,73.8,6.0,95.6,Spring,tomato
59,30,34,10.9,61.1,5.8,64.1,Winter,potato
69,30,33,27.0,45.3,6.1,51.0,Autumn,cotton
65,36,32,15.9,66.0,5.7,87.1,Winter,orange
94,45,49,24.5,83.1,6.1,279.5,Summer,banana
55,35,21,19.9,73.3,5.5,67.9,Spring,tomato
62,32,44,30.9,63.4,6.2,142.0,Spring,papaya
74,41,28,12.2,51.9,5.7,147.0,Winter,apple
67,57,32,11.4,54.8,6.2,108.8,Winter,wheat
47,22,36,24.7,46.5,6.9,106.3,Autumn,cotton
54,35,25,16.7,51.5,6.0,64.7,Winter,apple
70,40,23,16.7,54.9,5.5,49.8,Winter,grapes
65,25,41,23.8,80.2,5.8,171.2,Spring,papaya
50,28,38,14.0,72.6,6.3,115.7,Winter,orange
64,34,40,20.0,66.8,7.0,115.8,Spring,tomato
53,42,39,17.1,71.8,7.2,113.3,Winter,wheat
54,42,41,15.4,56.6,6.7,140.6,Winter,orange
50,30,24,8.0,59.1,6.2,76.5,Winter,potato
56,27,33,8.6,59.8,6.5,70.8,Winter,potato
57,15,26,18.7,54.0,6.6,76.5,Winter,onion
40,39,34,27.2,58.1,6.0,71.4,Autumn,cotton
75,46,38,20.0,64.4,7.2,108.0,Winter,wheat
53,31,20,12.8,58.4,6.2,61.7,Winter,onion
63,45,33,27.3,64.9,6.0,139.8,Spring,papaya
83,60,36,24.1,81.0,6.7,236.3,Summer,rice
50,29,28,13.2,62.4,5.9,71.5,Winter,potato
75,44,45,13.7,51.1,6.4,128.7,Winter,apple
51,28,21,13.7,47.9,7.0,68.7,Winter,onion
58,24,27,20.7,64.9,5.7,138.5,Spring,tomato
62,36,33,18.6,72.4,6.9,88.0,Spring,maize
96,48,45,29.4,78.4,6.1,221.8,Summer,banana
76,36,33,26.7,55.2,6.6,174.4,Summer,soybean
74,56,39,20.4,53.6,6.7,53.2,Winter,wheat
75,28,41,19.6,72.6,6.7,94.2,Winter,orange
60,23,30,24.6,58.7,6.1,77.8,Spring,tomato
61,38,49,30.4,67.6,6.8,231.2,Summer,mango
60,19,29,16.2,47.4,6.2,47.2,Winter,onion
52,31,28,25.1,60.0,6.1,114.6,Spring,tomato
75,42,41,9.1,62.1,6.4,73.2,Winter,apple
40,23,15,14.9,47.0,6.8,69.3,Winter,onion
58,24,39,23.7,67.1,6.2,77.4,Spring,tomato
56,38,30,23.8,60.8,7.1,70.7,Winter,grapes
91,33,41,24.6,71.7,6.6,182.4,Summer,banana
71,28,45,14.7,58.3,6.3,155.9,Winter,orange
79,34,44,21.2,70.5,6.0,158.4,Spring,maize
60,36,30,22.2,52.1,6.6,97.7,Winter,grapes
56,24,24,15.8,47.1,5.9,88.4,Winter,potato
59,31,33,23.9,58.1,6.0,75.8,Spring,tomato
59,26,21,18.4,46.7,6.1,56.1,Winter,onion
52,27,24,34.6,56.7,7.0,72.1,Autumn,cotton
45,16,19,11.6,58.9,6.0,63.3,Winter,carrot
94,44,43,27.0,87.8,6.7,231.5,Summer,rice
55,49,25,17.6,62.4,6.3,145.7,Winter,apple
67,37,44,33.6,61.6,6.4,116.6,Spring,papaya
53,36,26,23.4,49.4,5.6,59.4,Winter,grapes
55,50,37,15.7,55.4,6.6,78.0,Winter,wheat
61,29,29,26.5,46.7,6.4,53.5,Autumn,cotton
88,43,33,25.4,81.9,6.6,177.0,Summer,mango
63,45,38,27.4,62.2,6.1,124.0,Summer,mango
82,49,45,34.6,84.0,6.2,210.9,Summer,banana
46,31,26,26.4,52.9,6.0,107.3,Autumn,cotton
79,34,35,33.4,61.6,7.3,162.2,Summer,soybean
67,30,32,16.7,63.5,6.1,141.6,Winter,orange
56,24,31,21.2,62.4,5.5,68.9,Winter,onion
64,26,33,16.8,51.3,5.5,77.2,Winter,potato
87,33,40,29.6,80.2,6.5,213.0,Summer,banana
84,31,39,25.9,60.5,6.3,164.6,Summer,mango
50,35,19,17.2,57.2,7.0,73.9,Winter,carrot
78,35,45,29.3,82.8,6.4,221.5,Summer,banana
81,57,46,26.2,89.0,6.7,253.6,Summer,rice
58,29,25,16.2,71.8,5.6,86.2,Winter,orange
90,39,34,28.4,59.5,6.1,152.1,Spring,maize
73,44,33,30.7,75.1,6.2,119.2,Spring,papaya
54,28,23,17.1,60.4,5.8,63.3,Winter,potato
87,42,50,29.9,76.3,6.3,248.7,Summer,rice
74,45,41,19.4,74.5,5.6,88.3,Winter,orange
99,36,40,22.1,83.6,7.0,198.9,Summer,rice
55,20,20,8.9,50.6,6.4,47.9,Winter,carrot
58,45,26,20.7,67.4,5.5,101.0,Winter,orange
60,25,15,12.8,55.9,5.6,90.0,Winter,onion
57,54,44,14.8,51.9,6.6,61.3,Winter,wheat
66,48,43,13.5,63.3,6.1,110.7,Winter,wheat
61,29,33,34.8,50.9,5.7,80.2,Autumn,cotton
67,34,30,29.8,69.4,6.5,177.4,Spring,maize
49,18,35,14.8,55.3,6.6,76.0,Winter,carrot
60,32,26,32.2,74.0,6.8,177.2,Summer,soybean
70,24,24,25.7,55.0,5.5,54.4,Autumn,cotton
51,54,34,19.4,52.1,7.2,131.5,Winter,wheat
61,28,47,27.3,61.0,5.8,241.5,Summer,mango
61,44,34,32.8,82.8,5.8,167.1,Spring,papaya
68,28,21,25.1,50.9,6.5,83.1,Autumn,cotton
60,29,27,8.8,53.1,6.5,92.9,Winter,potato
41,22,32,13.1,48.3,6.0,45.1,Winter,carrot
79,30,29,27.3,76.4,6.3,99.7,Summer,soybean
77,37,45,24.2,67.1,7.4,103.1,Summer,mango
89,47,45,18.4,64.8,6.5,151.0,Spring,maize
67,29,41,33.7,79.7,5.6,133.6,Spring,papaya
72,30,60,32.7,82.6,5.7,225.6,Summer,banana
63,42,40,17.5,51.0,5.6,67.0,Winter,orange
64,37,41,28.9,65.2,6.2,142.7,Summer,mango
83,46,37,21.5,70.7,6.2,160.3,Spring,maize
36,21,15,20.6,53.3,5.6,91.5,Winter,onion
47,18,18,17.7,64.1,5.7,81.2,Winter,carrot
57,37,25,28.0,52.1,6.8,56.4,Spring,tomato
90,39,43,27.0,76.3,6.5,108.0,Summer,mango
56,21,19,16.9,49.1,6.9,76.0,Winter,onion
65,41,26,13.3,54.7,6.3,85.2,Winter,apple
55,31,31,29.7,67.3,6.6,112.5,Autumn,cotton
38,24,30,13.0,61.2,5.5,40.6,Winter,carrot
82,36,39,26.2,75.6,6.2,265.7,Summer,rice
73,34,44,32.1,60.7,5.8,89.5,Spring,papaya
71,31,35,28.0,71.4,6.7,89.6,Spring,papaya
96,55,44,21.6,78.5,6.0,214.4,Summer,rice
67,47,45,29.2,62.5,6.4,119.3,Spring,maize
61,23,38,29.8,62.6,6.1,97.7,Spring,tomato
54,38,25,19.4,74.4,6.4,103.5,Spring,tomato
63,26,35,22.6,59.1,7.4,160.0,Summer,soybean
67,40,43,33.7,62.1,7.1,186.2,Summer,mango
73,26,39,35.8,83.8,7.2,228.5,Summer,mango
72,41,48,27.7,78.2,7.0,224.8,Summer,banana
64,34,25,10.6,58.6,6.6,71.9,Winter,potato
61,24,35,11.8,64.6,5.8,79.7,Winter,potato
42,37,38,25.1,69.6,6.0,60.6,Autumn,cotton
41,28,25,12.3,50.9,6.4,70.4,Winter,potato
85,29,39,33.8,78.6,6.0,235.0,Summer,mango
83,36,34,29.4,66.6,7.4,153.1,Summer,soybean
59,29,25,16.4,56.1,6.1,89.6,Winter,potato
85,32,28,30.8,78.7,6.9,103.1,Spring,papaya
68,60,30,15.8,53.3,7.0,63.8,Winter,wheat
76,42,49,30.3,84.8,5.7,284.5,Summer,banana
95,35,43,28.6,80.0,5.7,260.8,Summer,banana
70,33,33,19.0,58.7,6.0,116.2,Spring,maize
46,29,32,20.9,54.9,7.0,43.3,Winter,grapes
75,39,31,24.7,76.2,6.9,165.3,Summer,soybean
63,28,36,23.5,77.6,6.9,172.1,Spring,papaya
65,30,34,23.0,68.6,6.6,66.1,Spring,tomato
60,40,39,32.1,69.6,6.6,108.3,Spring,papaya
76,42,58,27.5,73.5,6.6,281.6,Summer,banana
49,39,28,25.3,53.4,5.5,72.2,Autumn,cotton
41,36,20,34.8,66.5,7.4,52.8,Autumn,cotton
64,31,37,29.5,60.2,6.4,127.5,Summer,soybean
62,41,31,11.2,57.0,6.5,155.5,Winter,orange
56,32,21,19.5,56.0,6.6,45.2,Winter,grapes
98,30,54,25.3,77.6,6.2,239.2,Summer,banana
70,31,29,23.4,82.5,6.8,122.5,Spring,papaya
53,18,15,12.2,49.9,5.7,99.3,Winter,onion
52,41,39,10.7,69.4,6.4,129.4,Winter,orange
68,43,41,26.7,63.3,6.9,83.6,Spring,maize
62,30,26,32.5,71.3,6.6,110.3,Summer,soybean
82,56,43,27.7,79.3,6.4,276.1,Summer,rice
53,25,38,30.7,62.5,5.7,59.3,Autumn,cotton
90,49,53,28.4,76.2,6.4,180.1,Summer,banana
73,31,44,7.1,52.4,6.2,69.2,Winter,apple
70,26,41,24.6,73.1,6.4,88.9,Spring,papaya
49,40,25,23.0,56.5,7.4,51.3,Winter,grapes
64,41,44,21.0,63.4,6.4,105.8,Winter,orange
99,53,40,30.7,77.8,6.2,274.4,Summer,rice
64,22,23,23.5,58.3,7.0,84.7,Winter,grapes
64,27,35,24.1,65.4,7.0,221.0,Summer,mango
94,45,40,29.6,71.8,6.9,276.2,Summer,rice
55,36,41,10.7,51.4,6.2,86.3,Winter,apple
60,36,22,24.8,58.8,6.9,86.2,Spring,tomato
63,38,42,21.7,63.0,6.1,122.4,Winter,orange
65,23,22,11.7,67.6,5.6,64.9,Winter,potato
71,48,42,11.2,70.1,7.1,86.8,Winter,wheat
41,32,20,16.2,61.3,5.9,55.9,Winter,potato
72,35,41,30.9,62.5,5.7,143.7,Spring,papaya
57,31,31,11.6,61.4,6.5,79.0,Winter,potato
63,30,20,25.4,54.4,5.8,123.0,Spring,tomato
50,31,32,25.6,60.9,6.2,75.4,Autumn,cotton
72,38,45,34.2,75.7,6.6,280.2,Summer,banana
60,20,25,18.6,62.0,5.6,57.2,Winter,grapes
46,30,35,17.3,66.0,6.2,41.3,Winter,potato
81,26,36,35.1,69.4,5.6,103.1,Summer,mango
64,41,47,14.3,57.0,7.5,143.5,Winter,wheat
40,25,24,34.5,66.1,5.9,85.3,Autumn,cotton
66,41,45,27.3,63.4,6.5,80.5,Summer,soybean
43,38,25,33.0,54.6,6.9,51.9,Autumn,cotton
70,24,35,23.4,60.6,5.7,58.5,Winter,grapes
36,24,22,19.0,52.9,5.9,60.2,Winter,carrot
81,36,34,30.6,78.2,6.2,121.4,Summer,soybean
97,36,49,30.3,88.1,6.6,231.5,Summer,rice
87,37,38,33.6,76.3,5.8,171.7,Summer,mango
69,40,26,32.1,66.8,6.2,83.4,Summer,soybean
56,44,37,13.6,48.5,6.7,50.7,Winter,apple
84,45,27,31.7,71.3,6.0,82.5,Summer,soybean
63,26,33,8.9,61.0,6.5,94.0,Winter,potato
59,40,35,14.3,48.2,6.9,132.0,Winter,apple
47,27,32,17.1,64.6,5.6,55.0,Winter,grapes
60,32,30,21.2,51.8,6.0,137.6,Winter,orange
52,17,24,17.7,63.8,5.6,69.4,Winter,carrot
45,21,31,14.9,66.5,6.8,100.2,Winter,grapes
68,41,43,18.8,55.7,6.1,107.6,Winter,orange
69,39,44,32.0,79.7,6.1,144.4,Spring,papaya
64,38,26,21.3,52.1,5.9,104.7,Winter,grapes
50,59,50,18.1,64.2,6.3,102.9,Winter,wheat
90,43,42,30.9,76.2,5.9,203.2,Summer,banana
52,37,39,22.8,68.4,5.6,78.5,Winter,grapes
73,42,34,31.9,60.1,7.1,95.9,Summer,soybean
78,35,33,23.5,66.7,6.4,105.2,Spring,papaya
56,43,30,21.0,72.4,6.2,65.5,Winter,wheat
56,25,27,30.6,48.3,7.1,62.5,Autumn,cotton
67,36,36,30.8,67.5,6.6,118.4,Autumn,cotton
42,29,19,17.1,64.8,6.7,54.2,Winter,carrot
83,40,40,18.7,56.9,6.4,99.0,Spring,maize
60,30,31,18.0,52.0,6.2,44.0,Winter,onion
46,30,27,18.0,65.4,5.9,75.1,Winter,onion
72,42,31,26.3,74.5,6.5,248.7,Summer,mango
88,42,30,20.3,60.6,6.7,146.0,Spring,maize
68,32,33,33.5,59.5,6.4,98.7,Summer,soybean
84,41,25,22.4,78.9,6.4,101.6,Summer,soybean
53,27,20,24.8,69.6,6.5,101.3,Autumn,cotton
53,36,25,20.9,67.1,6.9,113.6,Winter,orange
90,47,42,29.0,72.1,5.7,186.1,Summer,rice
53,42,36,19.5,60.5,6.7,57.2,Winter,apple
85,44,30,24.5,78.8,6.8,159.2,Spring,papaya
54,36,43,16.4,45.0,6.7,120.7,Winter,apple
58,31,21,12.4,63.2,5.7,41.1,Winter,carrot
98,57,43,30.3,76.0,6.6,245.3,Summer,rice
54,28,15,11.8,63.4,6.7,44.9,Winter,carrot
81,50,45,24.7,75.4,6.6,190.8,Summer,banana
80,43,49,26.0,71.7,7.2,102.5,Summer,mango
59,30,28,21.1,69.3,7.4,119.3,Winter,grapes
89,29,42,31.9,71.3,5.8,168.2,Summer,mango
48,32,21,16.9,63.1,6.2,45.9,Winter,potato
49,24,24,20.2,46.7,6.7,85.5,Winter,grapes
85,38,30,24.4,70.1,6.9,153.9,Spring,maize
67,25,38,24.2,75.0,7.4,112.2,Summer,soybean
51,29,39,25.0,70.1,6.6,84.3,Spring,tomato
68,42,28,27.4,79.6,6.2,116.1,Spring,papaya
66,36,23,29.2,72.6,5.8,58.7,Spring,tomato
74,37,37,15.0,48.6,6.5,110.8,Winter,apple
63,39,31,31.6,58.0,5.7,58.1,Autumn,cotton
75,41,41,28.7,78.2,6.0,170.9,Summer,soybean
79,32,40,20.1,73.2,6.1,84.5,Spring,maize
35,15,23,18.3,62.5,6.7,58.3,Winter,onion
70,43,41,17.4,52.4,6.5,140.2,Winter,orange
46,28,25,10.7,58.2,6.1,43.7,Winter,carrot
80,36,35,29.8,80.2,6.6,219.9,Summer,rice
61,24,34,29.3,72.9,6.5,113.4,Spring,tomato
39,25,28,20.7,67.2,5.5,60.3,Winter,onion
77,30,43,34.4,83.9,6.2,198.7,Summer,mango
73,29,33,30.6,70.7,6.6,120.9,Spring,papaya
73,41,41,13.9,58.3,6.7,145.1,Winter,apple
67,34,44,29.6,60.3,6.1,137.6,Spring,maize
62,35,28,19.4,65.4,6.4,79.9,Winter,potato
65,26,27,33.3,84.1,6.0,123.9,Spring,papaya
82,37,48,31.5,76.3,6.5,261.1,Summer,rice
75,41,33,20.3,62.5,7.4,69.2,Winter,wheat
64,38,40,12.5,50.7,6.2,140.4,Winter,orange
89,25,40,33.6,61.1,7.0,138.0,Summer,mango
70,47,50,26.8,74.5,5.9,221.6,Summer,banana
44,23,34,16.5,63.0,5.8,42.9,Winter,potato
74,41,39,14.2,58.4,7.2,140.9,Winter,wheat
51,40,31,18.7,52.3,6.9,41.4,Winter,grapes
43,25,16,10.1,67.8,5.8,67.9,Winter,onion
45,28,26,12.5,61.8,5.8,77.2,Winter,carrot
65,25,35,33.1,72.3,6.6,123.3,Spring,papaya
59,29,17,21.7,48.4,6.5,48.3,Winter,onion
46,20,36,24.9,55.6,6.5,64.3,Autumn,cotton
69,45,46,19.7,62.4,6.1,116.3,Winter,wheat
59,28,30,13.4,47.7,6.7,97.5,Winter,potato
66,23,29,26.5,52.4,6.4,108.7,Autumn,cotton
53,35,27,9.9,52.0,5.6,58.9,Winter,carrot
46,28,32,19.9,54.7,5.5,89.6,Winter,onion
58,32,28,23.3,58.9,6.6,106.0,Spring,tomato
75,32,30,28.4,66.2,7.3,158.0,Summer,soybean
52,15,27,12.6,48.4,6.1,50.9,Winter,onion
41,33,39,33.7,48.3,6.9,116.5,Autumn,cotton
52,32,28,19.5,55.9,6.5,46.8,Winter,potato
77,30,31,25.7,63.7,6.3,98.0,Spring,maize
48,35,34,12.5,68.3,6.1,56.0,Winter,onion
54,30,31,26.3,71.8,7.0,117.1,Spring,tomato
61,31,38,26.8,79.1,6.2,168.9,Spring,papaya
46,27,25,11.3,63.7,5.8,61.3,Winter,potato
57,25,27,26.2,63.7,6.1,82.5,Spring,tomato
45,26,25,24.5,56.8,6.3,84.2,Spring,tomato
62,45,38,34.1,69.6,6.2,247.6,Summer,mango
70,33,24,18.0,62.8,6.0,114.2,Winter,grapes
100,49,48,30.1,88.5,6.9,287.6,Summer,banana
99,59,50,22.0,74.9,6.0,261.9,Summer,rice
72,50,55,34.4,88.1,6.0,163.8,Summer,banana
99,52,50,23.1,84.4,5.8,236.1,Summer,rice
81,58,42,23.4,80.3,6.0,202.7,Summer,rice
84,50,56,25.1,74.5,6.2,168.8,Summer,banana
58,23,20,17.3,49.3,6.6,107.2,Winter,grapes
63,47,38,11.1,69.4,6.8,66.7,Winter,wheat
64,29,37,26.9,69.6,6.7,129.8,Summer,soybean
97,43,50,30.6,86.1,6.3,277.5,Summer,rice
72,35,38,29.5,68.7,6.1,176.5,Summer,soybean
54,35,22,19.7,63.4,6.4,64.7,Winter,potato
93,37,46,30.1,79.1,5.7,291.9,Summer,rice
50,29,45,18.7,70.2,5.6,125.7,Winter,orange
50,38,23,24.4,63.8,5.8,74.3,Spring,tomato
71,25,31,29.9,74.2,6.4,183.2,Summer,mango
93,46,48,21.8,88.0,6.1,219.9,Summer,rice
77,43,35,29.4,63.8,6.2,93.5,Spring,maize
95,52,37,24.2,75.4,6.0,188.8,Summer,rice
61,42,36,24.3,62.0,5.6,117.8,Spring,maize
58,26,33,18.3,70.2,6.2,110.3,Spring,tomato
94,37,58,32.5,77.7,6.9,153.8,Summer,banana
60,35,37,23.5,66.8,6.7,70.5,Spring,maize
82,58,38,28.4,72.7,5.9,192.3,Summer,rice
88,37,47,31.2,82.9,6.5,258.2,Summer,banana
67,41,25,31.6,73.6,7.3,87.9,Summer,soybean
97,35,48,24.6,87.4,6.2,283.4,Summer,rice
69,45,43,16.0,58.2,6.6,70.4,Winter,apple
37,19,34,10.1,48.8,6.2,67.3,Winter,carrot
49,34,23,34.3,50.5,5.9,115.1,Autumn,cotton
56,22,35,18.7,56.0,5.9,60.2,Winter,grapes
61,39,40,11.2,54.0,6.6,132.3,Winter,orange
95,43,49,28.2,86.7,5.5,195.1,Summer,banana
72,48,40,27.5,74.9,7.0,166.3,Spring,maize
87,39,49,32.2,63.5,7.3,100.0,Summer,mango
71,46,43,29.0,82.3,6.8,168.5,Summer,banana
58,35,40,17.3,58.2,5.8,135.7,Winter,orange
53,22,27,34.0,51.4,7.1,108.2,Autumn,cotton
48,20,34,15.1,53.4,6.6,43.3,Winter,potato
71,29,36,17.6,66.8,6.9,94.0,Winter,orange
70,47,46,28.8,86.6,6.5,167.0,Summer,banana
43,23,16,16.6,50.2,6.5,42.5,Winter,carrot
70,35,43,15.8,58.4,6.7,70.1,Winter,orange
47,24,17,18.7,51.8,5.6,55.7,Winter,onion
94,45,45,24.8,73.7,5.9,182.5,Summer,rice
69,30,27,30.6,72.3,6.9,141.2,Spring,papaya
66,47,49,14.0,70.4,6.6,55.6,Winter,wheat
70,33,31,13.1,74.3,6.1,111.3,Winter,orange
67,39,40,10.5,56.3,5.8,87.9,Winter,orange
65,34,28,12.8,54.8,5.7,113.4,Winter,grapes
82,41,26,28.2,59.3,7.4,76.7,Summer,soybean
54,39,29,20.0,62.9,6.3,50.7,Winter,grapes
76,41,44,17.6,52.6,7.3,137.1,Winter,wheat
64,45,40,11.3,70.7,5.7,60.3,Winter,orange
60,39,37,19.8,65.8,6.3,76.4,Winter,grapes
70,26,32,29.9,63.6,7.5,162.4,Summer,soybean
76,58,41,13.9,59.3,6.9,127.0,Winter,wheat
57,57,48,21.9,50.8,6.0,141.9,Winter,wheat
76,45,44,18.1,51.3,5.6,79.2,Winter,apple
75,32,45,30.3,77.0,7.0,114.5,Summer,soybean
69,54,47,15.2,58.4,7.4,117.3,Winter,wheat
69,42,50,10.6,67.9,6.4,110.7,Winter,wheat
65,33,24,8.8,47.3,6.6,83.2,Winter,potato
64,45,44,24.7,57.3,6.0,160.7,Spring,maize
85,32,42,25.4,63.2,6.9,84.9,Spring,papaya
51,35,40,15.2,60.7,6.1,80.6,Winter,orange
61,21,30,16.8,51.5,5.7,93.5,Winter,potato
83,28,29,23.6,81.5,6.8,147.4,Spring,papaya
65,32,43,7.3,59.2,6.5,134.9,Winter,apple
62,26,25,26.5,65.4,6.6,113.5,Autumn,cotton
79,28,39,32.1,73.2,5.7,163.2,Summer,mango
63,31,40,29.9,66.8,6.6,69.7,Spring,tomato
75,32,41,17.7,64.9,6.7,74.3,Winter,orange
66,35,20,20.1,48.4,7.3,84.1,Winter,grapes
56,21,28,22.1,51.8,6.5,99.3,Winter,grapes
52,29,39,23.7,57.5,5.6,50.0,Spring,tomato
83,34,43,25.8,73.3,5.9,90.9,Spring,maize
64,37,35,21.0,70.5,6.2,80.3,Spring,tomato
51,25,29,12.0,54.4,6.4,145.2,Winter,orange
68,60,35,17.2,52.2,6.5,144.0,Winter,wheat
37,29,24,18.2,56.1,6.3,72.3,Winter,onion
62,36,40,21.7,66.7,6.1,59.5,Winter,grapes
57,26,21,24.8,61.0,5.9,100.3,Spring,tomato
52,23,39,29.2,60.6,6.7,126.4,Spring,tomato
60,33,33,13.0,47.3,6.0,67.4,Winter,potato
53,46,50,13.3,74.9,7.1,139.4,Winter,wheat
100,56,48,21.9,81.8,6.8,216.4,Summer,rice
92,32,46,30.9,81.5,6.7,272.0,Summer,banana
90,34,44,22.1,67.3,6.5,92.7,Spring,maize
43,34,17,19.6,62.8,6.4,60.1,Winter,onion
56,20,38,23.1,58.1,5.6,72.8,Spring,tomato
55,30,27,11.4,59.2,6.7,156.8,Winter,orange
97,48,55,25.4,78.0,5.6,196.5,Summer,banana
65,45,42,26.4,69.9,6.1,171.8,Summer,mango
45,35,24,27.5,64.8,6.0,81.3,Spring,tomato
79,40,44,24.8,58.2,6.9,102.4,Spring,maize
74,42,39,18.1,68.0,7.1,50.5,Winter,wheat
56,32,29,29.6,62.7,5.6,89.1,Spring,tomato
58,21,37,34.7,55.0,6.2,51.6,Autumn,cotton
54,40,27,8.4,61.4,6.6,64.4,Winter,apple
76,36,43,23.9,56.0,6.8,135.1,Spring,maize
63,25,44,24.9,74.9,6.2,248.6,Summer,mango
47,29,33,28.3,59.2,6.1,128.4,Spring,tomato
61,44,36,27.3,64.8,6.6,145.8,Summer,mango
78,42,57,32.4,83.8,6.5,208.4,Summer,banana
84,30,40,30.2,74.4,7.2,109.5,Summer,soybean
71,44,37,12.4,52.1,6.7,54.2,Winter,apple
42,26,33,10.5,60.2,6.9,61.8,Winter,onion
89,37,50,25.4,81.5,6.6,185.3,Summer,mango
51,49,38,20.5,72.5,6.2,119.7,Winter,wheat
65,23,26,9.2,65.5,5.9,55.3,Winter,potato
51,23,16,13.0,56.4,6.1,82.0,Winter,onion
79,37,49,28.7,82.1,6.1,137.6,Summer,mango
60,53,30,10.9,63.7,7.4,108.7,Winter,wheat
62,28,38,15.4,74.7,6.0,99.7,Winter,orange
67,31,43,31.4,77.1,7.4,99.1,Summer,mango
61,35,23,18.8,65.2,6.4,92.0,Winter,potato
72,27,50,34.5,72.7,6.0,233.4,Summer,mango
73,35,43,32.3,71.4,6.9,95.4,Spring,papaya
79,44,33,20.8,69.1,6.3,170.7,Spring,maize
58,34,15,10.1,64.8,5.5,94.0,Winter,onion
62,28,25,27.7,51.5,6.3,84.9,Spring,tomato
72,44,25,13.7,66.8,5.6,80.3,Winter,orange
84,26,39,33.2,66.7,7.0,128.9,Summer,soybean
54,60,44,17.1,73.8,7.1,138.1,Winter,wheat
57,27,35,12.9,56.1,5.6,79.6,Winter,potato
49,33,35,25.0,74.0,6.0,77.3,Spring,tomato
55,31,28,26.2,62.9,5.6,127.3,Spring,tomato
54,35,39,18.5,50.2,5.6,83.7,Winter,apple
57,34,31,14.4,50.5,6.3,82.5,Winter,apple
51,37,30,23.7,62.4,5.6,126.7,Spring,tomato
54,26,38,28.4,69.5,5.7,73.6,Spring,tomato
55,21,29,12.4,58.0,5.5,71.8,Winter,onion
63,29,35,31.5,72.9,6.7,134.6,Summer,mango
51,16,24,18.8,62.6,5.7,76.9,Winter,carrot
66,40,40,21.6,62.1,5.7,42.8,Winter,grapes
77,42,41,28.2,64.1,6.9,90.8,Spring,maize
71,39,41,34.3,81.5,5.9,162.7,Summer,mango
67,49,40,6.8,46.7,6.0,107.0,Winter,apple
55,40,23,23.4,66.0,6.1,118.9,Spring,tomato
80,49,32,10.8,50.5,6.8,125.7,Winter,apple
66,34,39,10.9,61.8,6.4,68.1,Winter,orange
44,35,25,18.1,53.2,6.1,59.1,Winter,onion
53,47,34,14.6,65.8,6.2,135.6,Winter,wheat
79,44,34,28.2,66.0,7.0,139.5,Summer,soybean
43,31,24,32.0,60.1,7.1,69.1,Autumn,cotton
52,37,38,14.1,72.1,6.3,79.2,Winter,orange
49,19,25,9.4,63.0,6.5,45.7,Winter,carrot
71,33,44,33.2,73.1,6.0,157.2,Spring,papaya
43,33,35,8.3,60.3,5.7,84.6,Winter,carrot
64,45,35,32.1,77.9,5.8,120.3,Spring,papaya
83,40,40,30.8,74.8,7.0,297.4,Summer,banana
47,35,22,18.5,59.2,6.3,91.3,Winter,potato
62,43,45,23.8,63.2,6.9,172.4,Spring,maize
92,30,45,29.1,88.9,5.7,298.2,Summer,banana
72,37,34,32.8,62.8,6.0,132.4,Summer,mango
49,38,29,21.4,61.1,5.6,138.2,Spring,tomato
70,31,20,31.8,53.0,6.9,54.8,Autumn,cotton
60,31,36,17.3,70.3,6.9,149.6,Winter,orange
83,26,35,30.7,61.6,5.7,112.2,Spring,papaya
43,33,18,11.2,64.8,6.2,74.7,Winter,carrot
68,29,28,19.8,54.2,6.7,85.5,Winter,grapes
64,50,32,21.6,55.7,6.5,148.4,Winter,wheat
94,30,60,32.0,89.0,6.6,269.5,Summer,banana
49,30,19,18.4,51.4,5.7,83.0,Winter,carrot
59,33,27,15.8,58.4,6.5,83.0,Winter,grapes
60,42,39,24.8,74.8,7.2,169.6,Summer,mango
54,50,43,19.1,73.7,6.1,90.4,Winter,wheat
58,22,34,29.6,48.7,6.7,53.0,Autumn,cotton
84,30,45,29.3,73.6,6.6,156.6,Spring,papaya
55,39,30,13.5,47.6,6.3,94.2,Winter,grapes
68,38,30,7.5,59.6,6.1,144.1,Winter,apple
85,38,31,29.5,60.7,6.5,126.0,Summer,mango
45,35,16,18.4,45.5,6.7,79.1,Winter,onion
52,28,31,33.1,60.1,7.5,91.8,Autumn,cotton
84,30,32,21.1,67.7,6.9,92.1,Spring,maize
56,28,34,15.6,46.9,6.1,95.2,Winter,grapes
62,33,43,24.8,58.7,6.3,74.1,Summer,soybean
73,29,34,12.8,73.0,7.0,83.6,Winter,orange
85,28,39,31.0,80.6,7.2,219.2,Summer,mango
59,27,28,18.4,73.5,6.1,90.8,Winter,orange
90,56,44,21.1,82.7,5.6,272.4,Summer,rice
72,35,40,31.1,77.5,5.9,116.7,Spring,papaya
60,22,29,26.2,72.7,5.9,51.5,Spring,tomato
71,45,45,20.8,74.1,6.1,70.8,Winter,orange
70,53,49,12.2,51.5,7.4,77.4,Winter,wheat
61,45,38,18.1,55.9,5.6,117.8,Winter,orange
61,40,50,26.3,74.3,6.5,173.8,Summer,mango
51,48,31,11.5,63.3,6.7,79.3,Winter,apple
60,42,49,14.0,53.8,7.3,94.4,Winter,wheat
61,37,32,27.2,82.3,7.0,213.4,Summer,mango
61,37,30,18.2,62.6,5.6,96.9,Spring,tomato
56,23,20,14.7,56.9,5.7,87.4,Winter,grapes
42,35,20,18.6,60.8,7.0,83.9,Winter,onion
62,36,36,33.7,60.7,6.7,119.5,Summer,soybean
55,31,20,18.1,58.6,6.3,85.0,Winter,potato
52,27,22,10.3,64.0,6.5,75.9,Winter,onion
58,38,40,26.5,52.8,6.9,50.4,Spring,tomato
74,38,53,26.2,70.9,5.8,273.8,Summer,banana
55,39,33,21.0,72.2,5.6,123.5,Winter,orange
55,49,33,19.9,72.2,6.1,101.9,Winter,wheat
54,29,26,8.1,54.6,6.3,46.1,Winter,potato
45,34,34,13.2,61.9,6.2,75.8,Winter,grapes
61,31,32,13.8,52.5,6.4,96.5,Winter,grapes
66,35,31,31.4,64.4,6.7,74.8,Summer,soybean
64,29,31,22.5,71.5,6.9,79.2,Summer,soybean
65,28,48,26.9,67.6,5.9,115.4,Summer,mango
43,24,21,26.1,50.2,5.9,62.0,Autumn,cotton
76,35,28,24.8,73.9,7.2,116.6,Summer,soybean
65,30,31,16.7,45.5,6.6,65.8,Winter,potato
56,31,37,26.0,68.2,6.9,121.3,Spring,tomato
75,57,34,11.1,60.8,6.7,56.8,Winter,wheat
79,46,41,22.0,72.8,6.4,69.4,Winter,wheat
52,32,26,9.2,47.2,6.3,41.4,Winter,carrot
55,40,34,19.2,50.7,5.6,53.6,Spring,tomato
67,30,23,28.4,58.7,5.6,79.3,Autumn,cotton
55,55,41,13.7,57.2,6.1,91.6,Winter,wheat
78,41,49,27.2,65.9,7.0,154.6,Summer,mango
77,34,26,32.2,69.0,6.8,176.2,Spring,papaya
88,47,60,27.3,89.6,6.6,200.9,Summer,banana
85,42,42,26.4,76.3,7.3,189.5,Summer,mango
58,37,37,11.1,48.1,6.6,113.7,Winter,apple
51,38,22,20.7,53.6,6.7,110.7,Spring,tomato
77,41,33,14.8,58.8,7.3,89.1,Winter,wheat
50,27,23,13.4,68.3,6.0,96.6,Winter,potato
70,41,42,21.4,71.6,6.0,129.8,Winter,orange
38,27,22,17.4,62.9,6.9,41.1,Winter,carrot
70,51,34,14.8,62.0,6.9,79.6,Winter,wheat
60,20,34,20.7,66.1,6.2,49.4,Winter,onion
80,28,43,30.6,71.8,6.5,165.9,Summer,soybean
69,40,25,28.6,66.9,6.0,99.4,Spring,tomato
71,39,38,29.7,63.1,7.0,167.4,Summer,soybean
57,35,30,24.3,62.4,5.7,54.1,Autumn,cotton
72,33,38,26.2,61.9,5.9,88.6,Spring,maize
78,47,57,31.3,75.7,6.5,294.2,Summer,banana
62,28,43,32.8,81.7,6.4,109.1,Summer,mango
69,42,48,13.5,58.9,7.0,54.4,Winter,wheat
66,50,35,24.8,68.7,5.9,117.2,Spring,maize
49,21,24,12.2,59.8,6.3,69.3,Winter,potato
63,47,32,17.7,58.9,6.3,137.0,Winter,apple
85,33,42,26.6,84.3,6.5,272.1,Summer,banana
77,33,51,25.1,86.1,6.4,228.5,Summer,banana
60,32,38,27.1,72.2,7.2,70.2,Summer,soybean
66,45,41,29.5,68.3,6.2,100.9,Spring,papaya
84,25,39,31.2,76.5,6.0,156.4,Spring,papaya
87,49,37,29.9,74.2,6.0,251.6,Summer,rice
79,34,41,21.1,63.6,5.9,136.2,Spring,maize
76,34,34,23.4,74.7,6.4,106.6,Spring,maize
52,26,28,12.1,61.9,6.6,50.5,Winter,onion
79,44,51,24.2,73.9,6.2,210.7,Summer,banana
46,25,28,28.2,54.1,6.3,136.2,Spring,tomato
65,37,26,29.4,70.0,6.1,62.1,Spring,tomato
65,45,40,26.5,56.7,6.6,92.3,Spring,maize
69,25,44,14.5,57.9,5.7,103.1,Winter,orange
90,39,45,26.1,76.9,6.7,169.2,Summer,banana
68,59,36,13.1,63.1,7.4,55.5,Winter,wheat
94,43,35,30.2,82.2,5.9,243.4,Summer,rice
60,57,48,15.9,69.8,6.1,135.9,Winter,wheat
67,33,41,31.3,68.6,7.3,152.0,Summer,soybean
52,32,36,13.8,65.4,6.8,94.8,Winter,apple
97,37,41,23.8,74.6,7.0,264.6,Summer,rice
55,36,33,23.9,47.1,6.6,52.2,Winter,grapes
47,28,32,16.4,58.7,5.8,119.0,Winter,grapes
83,31,33,27.6,81.9,6.1,219.8,Summer,mango
67,30,40,18.7,65.0,7.0,116.8,Winter,orange
94,33,53,32.1,87.1,6.7,201.7,Summer,banana
43,36,40,31.8,64.7,7.1,117.9,Autumn,cotton
44,16,22,10.0,46.1,6.9,71.5,Winter,onion
99,32,42,24.5,72.5,6.7,240.9,Summer,banana
56,37,21,22.3,48.4,6.4,47.6,Winter,grapes
74,44,35,21.9,68.5,6.2,130.6,Spring,maize
56,18,17,12.1,47.0,6.8,65.0,Winter,onion
72,25,34,35.0,60.2,7.4,135.8,Summer,mango
82,37,59,25.2,80.6,6.6,284.0,Summer,banana
37,26,34,19.0,48.2,6.0,55.7,Winter,carrot
54,27,15,11.7,49.0,6.2,49.7,Winter,carrot
50,21,32,14.8,47.4,7.0,81.8,Winter,grapes
71,41,35,26.1,62.8,6.9,97.5,Spring,maize
84,32,41,25.4,67.4,6.2,137.7,Spring,maize
67,31,34,32.8,70.7,6.3,123.9,Summer,mango
81,35,44,26.5,74.5,7.0,127.8,Summer,soybean
78,37,38,32.4,76.3,6.3,118.5,Summer,soybean
46,29,28,22.7,49.6,7.4,42.7,Winter,grapes
61,43,31,19.9,52.6,5.7,126.0,Winter,orange
57,40,37,26.5,62.6,6.9,57.4,Autumn,cotton
46,25,31,18.0,61.7,6.6,89.2,Winter,onion
65,57,31,11.2,62.2,7.5,78.0,Winter,wheat
47,33,27,13.4,45.9,6.5,49.5,Winter,carrot
65,40,45,14.3,70.6,6.4,62.1,Winter,wheat
90,36,49,28.9,90.0,5.9,262.5,Summer,banana
66,20,37,25.4,54.9,6.4,134.7,Spring,tomato
57,22,27,14.0,58.6,6.1,72.3,Winter,potato
47,30,26,12.4,45.4,6.0,79.9,Winter,carrot
37,29,19,16.6,60.9,6.6,45.6,Winter,onion
45,29,18,14.1,52.1,5.8,49.7,Winter,carrot
59,34,31,18.3,62.4,5.6,81.9,Spring,tomato
98,44,60,31.8,76.7,6.5,278.7,Summer,banana
49,39,40,18.8,59.6,7.4,56.1,Winter,grapes
72,41,54,32.9,72.1,6.1,282.5,Summer,banana
85,42,42,34.1,78.6,6.8,157.3,Summer,mango
46,24,26,15.7,58.9,6.3,43.9,Winter,carrot
59,27,32,15.6,64.6,6.0,57.4,Winter,grapes
48,34,34,25.7,46.1,7.1,104.1,Autumn,cotton
49,30,28,16.8,52.6,6.8,69.1,Winter,onion
83,34,47,27.9,71.8,6.7,194.5,Summer,mango
79,26,37,26.3,61.2,6.8,127.8,Spring,papaya
40,22,20,9.8,63.0,6.1,100.0,Winter,potato
55,34,23,15.2,66.1,6.1,92.4,Winter,potato
76,26,31,32.1,68.9,5.6,97.5,Spring,papaya
40,31,23,11.5,62.1,5.5,95.7,Winter,potato
48,24,25,23.4,66.7,6.1,87.2,Spring,tomato
85,33,36,21.2,57.5,5.6,141.4,Spring,maize
60,44,32,24.0,70.7,7.0,82.4,Spring,maize
51,59,33,21.1,53.4,6.5,132.6,Winter,wheat
56,38,40,24.7,46.4,6.8,107.5,Autumn,cotton
50,37,30,18.6,48.9,6.4,49.0,Winter,grapes
60,31,32,13.7,50.0,6.6,94.4,Winter,potato
45,27,27,29.0,60.2,5.5,129.3,Spring,tomato
100,42,49,34.2,71.1,5.6,225.9,Summer,banana
57,53,43,21.5,56.6,7.4,88.1,Winter,wheat
99,45,56,28.4,88.1,5.6,237.2,Summer,banana
42,19,34,12.1,57.1,6.7,51.1,Winter,carrot
83,49,36,28.0,83.5,6.3,286.3,Summer,rice
67,32,45,15.1,69.2,6.5,73.5,Winter,apple
55,27,33,14.3,54.6,6.1,55.1,Winter,carrot
77,33,36,21.1,71.6,5.5,80.7,Spring,maize
90,37,47,26.3,72.1,6.2,269.1,Summer,banana
57,23,40,18.6,67.4,7.4,77.9,Winter,grapes
100,47,59,26.5,86.5,6.0,250.2,Summer,banana
90,55,35,27.0,74.1,6.9,228.6,Summer,rice
64,30,35,7.7,60.7,6.5,137.6,Winter,apple
45,34,34,13.4,67.8,6.2,66.5,Winter,potato
54,22,24,20.6,63.8,6.8,87.1,Winter,onion
50,22,25,24.2,66.4,6.4,90.0,Spring,tomato
54,38,34,28.4,55.4,5.6,80.4,Spring,tomato
62,32,37,28.2,61.3,5.8,125.7,Spring,papaya
75,46,46,24.9,71.5,6.2,268.0,Summer,banana
69,35,34,35.8,66.7,7.1,158.2,Summer,mango
63,55,47,12.6,70.1,6.1,122.3,Winter,wheat
67,37,29,31.2,78.7,7.5,90.4,Summer,soybean
76,41,25,31.0,68.2,7.0,86.2,Spring,papaya
99,42,47,30.4,71.4,6.6,299.5,Summer,banana
58,53,49,17.8,53.6,7.0,111.5,Winter,wheat
52,18,32,8.9,56.0,6.7,74.2,Winter,carrot
48,33,26,11.5,48.6,5.6,85.1,Winter,potato
65,27,36,31.7,83.4,5.7,106.3,Summer,mango
60,23,32,10.4,45.3,6.2,46.2,Winter,carrot
45,20,22,29.5,61.4,6.9,92.4,Spring,tomato
51,40,43,21.1,61.7,5.9,123.3,Winter,orange
96,53,39,29.2,71.9,5.6,288.4,Summer,rice
39,24,33,14.9,45.4,6.9,45.6,Winter,onion
93,31,58,34.6,73.4,6.1,159.5,Summer,banana
66,36,25,15.2,61.1,6.2,141.3,Winter,apple
36,21,15,19.3,58.9,6.5,91.2,Winter,onion
69,40,34,9.2,69.1,6.2,88.0,Winter,apple
60,39,33,31.4,60.0,6.0,91.8,Summer,mango
83,50,37,24.2,87.7,6.0,237.5,Summer,rice
65,38,36,13.8,45.9,6.7,97.1,Winter,grapes
41,28,22,17.8,57.5,6.3,43.4,Winter,potato
73,49,43,23.4,59.8,6.3,118.1,Spring,maize
62,36,33,24.5,75.6,5.8,136.9,Spring,papaya
58,29,36,12.1,66.0,6.1,155.9,Winter,orange
43,27,29,19.6,59.2,5.7,67.3,Winter,potato
80,39,43,21.8,88.3,6.1,199.0,Summer,rice
47,17,23,15.8,56.6,5.6,70.2,Winter,onion
47,32,17,19.7,48.5,6.6,74.8,Winter,onion
46,23,27,19.6,56.7,6.6,135.2,Spring,tomato
80,25,38,28.1,66.2,5.8,82.5,Summer,mango
58,25,30,11.8,46.6,5.8,52.8,Winter,carrot
68,27,26,13.8,54.1,5.9,85.5,Winter,grapes
61,48,44,17.8,56.4,6.8,106.5,Winter,wheat
58,59,47,21.1,51.6,6.3,138.1,Winter,wheat
49,25,29,21.7,57.7,6.8,73.9,Winter,grapes
63,42,35,24.3,74.3,5.7,118.8,Spring,papaya
61,23,33,29.1,50.7,5.7,75.3,Autumn,cotton
78,51,47,14.5,73.8,6.0,147.1,Winter,wheat
94,41,44,27.6,70.3,6.9,216.7,Summer,banana
43,19,25,17.6,55.8,5.5,57.8,Winter,carrot
88,34,43,18.8,56.3,6.7,108.0,Spring,maize
81,25,39,26.5,69.1,6.5,127.2,Summer,mango
47,23,29,22.0,71.1,5.8,105.5,Spring,tomato
46,22,27,15.3,69.0,6.6,58.9,Winter,grapes
52,42,32,20.5,50.2,6.8,74.1,Winter,wheat
69,23,39,26.6,67.4,6.4,62.8,Autumn,cotton
53,40,39,12.0,57.8,7.2,118.6,Winter,grapes
67,41,39,18.2,63.4,6.2,148.0,Spring,maize
60,36,30,12.4,69.9,7.0,114.6,Winter,apple
55,29,36,12.4,56.6,6.7,69.2,Winter,orange
68,36,37,34.4,82.8,6.7,126.8,Summer,mango
59,45,35,17.9,54.2,7.3,124.4,Winter,wheat
44,30,17,14.3,67.0,6.0,65.9,Winter,onion
62,49,40,20.0,61.8,6.6,131.7,Winter,wheat
62,35,42,23.6,71.8,6.4,135.3,Spring,papaya
70,40,22,33.4,66.3,7.5,64.6,Autumn,cotton
66,23,24,27.5,53.6,7.1,93.1,Autumn,cotton
59,23,31,19.3,52.8,5.8,118.7,Winter,grapes
51,32,30,5.5,53.5,6.9,70.2,Winter,apple
82,44,43,27.0,71.1,7.0,108.7,Spring,papaya
39,19,23,14.4,50.5,6.1,58.7,Winter,onion
84,29,37,30.3,69.3,6.2,246.3,Summer,mango
52,27,21,10.8,47.2,6.9,80.5,Winter,carrot
41,32,18,21.4,58.9,7.0,41.8,Winter,onion
57,27,38,25.5,66.7,6.3,135.8,Spring,tomato
63,31,44,28.4,80.0,7.2,78.5,Summer,soybean
88,53,38,27.1,81.6,6.9,203.2,Summer,rice
41,33,25,10.3,61.1,6.2,42.9,Winter,carrot
68,39,30,19.9,59.2,5.6,106.2,Winter,grapes
70,25,36,29.9,62.3,5.9,233.1,Summer,mango
83,44,42,25.7,67.0,7.1,129.1,Summer,mango
59,25,25,28.1,64.9,6.9,113.3,Autumn,cotton
49,24,28,26.5,49.2,6.5,101.3,Autumn,cotton
60,28,35,19.0,56.6,6.0,100.8,Winter,orange
80,53,40,24.0,79.3,5.9,238.2,Summer,rice
43,16,28,18.6,53.6,6.3,42.7,Winter,carrot
56,26,35,13.6,63.6,5.7,75.7,Winter,onion
53,27,31,16.2,56.9,6.4,50.9,Winter,carrot
83,34,45,26.7,65.7,7.1,116.6,Summer,mango
77,45,38,23.6,72.9,6.4,169.1,Spring,maize
64,28,37,29.9,50.1,6.5,83.7,Spring,tomato
64,45,41,24.8,78.3,6.5,97.6,Summer,soybean
50,23,22,19.1,57.2,6.2,97.0,Winter,grapes
62,31,21,13.3,68.2,7.5,60.3,Winter,grapes
82,31,43,29.5,65.5,7.1,176.5,Summer,soybean
59,26,35,20.6,57.2,6.7,114.6,Winter,orange
74,29,37,25.4,68.6,6.2,175.7,Summer,soybean
69,44,27,24.9,70.9,6.7,122.8,Summer,soybean
53,32,29,12.5,46.0,7.1,95.1,Winter,grapes
75,39,28,31.1,70.4,6.1,147.9,Summer,soybean
68,32,34,24.4,72.0,5.7,127.1,Spring,papaya
90,50,50,34.9,73.4,6.7,248.2,Summer,banana
60,59,46,17.2,59.3,6.5,56.1,Winter,wheat
35,24,29,19.2,65.1,6.1,79.2,Winter,onion
57,57,42,17.8,72.2,6.8,66.6,Winter,wheat
90,29,41,35.1,83.9,6.2,156.7,Summer,mango
74,38,28,10.2,53.2,6.2,77.3,Winter,orange
88,36,48,21.7,77.3,6.7,217.9,Summer,rice
70,43,33,16.4,62.5,6.5,149.9,Winter,apple
78,26,28,26.7,82.2,6.9,158.2,Spring,papaya
52,41,31,14.0,66.3,5.8,144.5,Winter,orange
41,37,26,27.0,54.7,6.2,93.5,Autumn,cotton
58,38,32,27.1,50.1,5.8,92.1,Autumn,cotton
77,42,35,25.4,60.5,6.6,122.4,Spring,papaya
82,56,39,27.8,80.2,5.9,265.0,Summer,rice
63,44,43,29.3,75.2,6.9,245.7,Summer,mango
86,58,45,30.5,82.2,6.7,235.8,Summer,rice
79,33,27,22.9,73.2,6.3,130.0,Summer,soybean
54,27,27,26.0,63.7,6.8,117.4,Spring,tomato
43,35,26,19.3,45.8,6.3,79.6,Winter,onion
45,21,39,27.8,72.1,5.8,59.8,Spring,tomato
88,41,43,28.8,77.0,6.3,294.5,Summer,rice
59,45,41,18.2,51.7,6.4,101.5,Winter,wheat
51,28,24,10.8,53.4,5.6,47.3,Winter,carrot
60,25,21,23.4,60.3,6.9,89.1,Winter,grapes
49,25,33,18.1,55.8,5.7,87.6,Winter,potato
72,34,34,12.9,52.5,5.6,71.0,Winter,orange
84,38,47,21.7,84.3,5.5,182.7,Summer,rice
67,37,24,19.0,66.3,6.0,77.5,Spring,tomato
48,30,24,17.1,56.9,5.5,72.9,Winter,potato
53,29,45,10.6,50.6,6.5,140.1,Winter,orange
95,43,40,24.4,89.7,5.8,273.2,Summer,rice
62,40,28,22.7,56.0,6.0,137.9,Summer,soybean
68,40,50,18.5,54.4,6.4,149.6,Winter,wheat
56,28,37,34.3,55.4,5.9,114.3,Autumn,cotton
78,32,44,28.9,79.6,6.2,163.0,Summer,soybean
60,30,29,16.9,58.1,6.1,56.1,Winter,apple
47,35,28,21.9,72.9,5.8,117.5,Spring,tomato
62,51,42,14.8,55.8,7.3,97.8,Winter,wheat
70,43,43,18.5,61.4,7.3,116.9,Winter,wheat
40,27,29,17.5,58.9,5.6,90.8,Winter,onion
50,52,39,19.7,59.3,7.4,149.4,Winter,wheat
80,37,45,24.8,71.1,6.2,298.5,Summer,rice
57,20,36,22.5,64.4,6.3,96.5,Spring,tomato
76,46,45,16.4,59.3,6.7,121.6,Winter,wheat
51,33,21,16.0,45.8,5.7,81.4,Winter,onion
61,49,36,12.7,52.2,6.5,110.7,Winter,apple
69,33,23,14.9,45.9,6.5,101.2,Winter,grapes
81,47,51,30.2,72.2,6.0,273.1,Summer,banana
41,25,31,26.2,52.3,6.6,110.4,Autumn,cotton
82,37,37,35.8,69.0,6.0,247.9,Summer,mango
50,35,40,29.5,66.4,6.3,60.5,Autumn,cotton
55,35,24,10.7,45.7,6.7,63.5,Winter,carrot
45,38,36,32.9,66.2,7.2,99.4,Autumn,cotton
71,33,32,13.9,47.6,6.5,79.1,Winter,apple
87,43,39,22.2,58.2,6.7,99.4,Spring,maize
78,44,39,22.2,58.7,7.0,99.0,Summer,soybean
86,35,58,33.1,72.0,6.8,236.4,Summer,banana
51,31,20,10.3,61.8,6.6,98.8,Winter,onion
90,47,39,23.8,77.6,5.5,294.0,Summer,rice
81,48,48,29.0,89.2,5.6,237.7,Summer,banana
56,34,18,17.9,47.5,6.8,52.5,Winter,onion
61,38,28,30.7,56.8,6.5,92.1,Autumn,cotton
74,37,27,19.8,52.8,6.1,117.1,Winter,apple
63,40,25,18.2,51.1,5.9,80.2,Spring,tomato
67,33,27,33.7,59.3,7.3,116.4,Autumn,cotton
57,39,37,20.2,63.2,6.8,40.3,Winter,grapes
70,32,41,27.8,88.9,6.8,194.8,Summer,banana
84,46,36,31.3,72.2,6.4,212.6,Summer,rice
82,34,43,31.8,76.5,6.3,227.4,Summer,mango
45,25,19,14.5,69.4,6.6,72.8,Winter,onion
63,27,39,30.8,61.1,6.9,91.9,Autumn,cotton
64,29,28,30.1,62.6,5.7,54.9,Autumn,cotton
85,40,33,27.2,76.0,6.1,87.9,Summer,soybean
53,34,33,21.5,50.4,5.8,80.5,Winter,onion
56,31,19,13.3,49.5,5.5,56.2,Winter,onion
83,41,27,26.2,61.1,7.0,137.3,Summer,soybean
73,46,36,22.9,65.3,5.8,133.2,Spring,maize
68,24,28,28.7,70.5,6.7,139.2,Spring,tomato
73,28,32,19.9,55.4,5.6,71.8,Winter,orange
51,33,38,8.1,50.7,6.4,129.2,Winter,apple
90,40,58,30.3,70.3,6.2,183.4,Summer,banana
48,30,38,22.3,58.2,7.5,41.0,Winter,grapes
64,39,27,28.0,74.5,6.4,166.1,Spring,papaya
80,41,44,32.2,77.3,7.5,109.3,Summer,soybean
38,33,24,15.9,54.1,6.9,75.7,Winter,carrot
83,32,57,32.8,75.3,6.2,151.6,Summer,banana
74,27,33,28.0,61.2,6.0,160.0,Summer,mango
62,43,41,24.7,66.8,6.2,82.0,Summer,soybean
66,33,20,15.9,53.8,7.3,56.7,Winter,grapes
91,46,48,20.3,88.2,6.4,209.2,Summer,rice
90,35,36,22.5,74.7,6.8,285.6,Summer,rice
39,35,28,15.4,61.5,5.9,89.4,Winter,onion
47,26,38,13.0,56.9,7.4,53.3,Winter,grapes
66,26,35,26.8,66.1,6.1,102.4,Summer,soybean
56,29,36,19.5,50.3,7.0,156.4,Winter,orange
50,29,25,29.5,52.4,6.5,63.0,Spring,tomato
62,26,25,19.0,63.0,6.1,89.3,Winter,orange
41,32,27,25.8,51.8,6.3,101.4,Autumn,cotton
85,46,43,27.2,89.2,5.7,242.6,Summer,rice
75,33,41,24.4,64.8,5.5,247.8,Summer,mango
68,30,25,18.9,64.6,6.4,97.2,Winter,grapes
72,54,44,16.4,71.7,6.5,96.1,Winter,wheat
42,27,31,14.9,67.0,5.7,71.3,Winter,potato
52,39,29,32.3,56.0,6.6,107.9,Autumn,cotton
51,20,29,14.2,51.9,7.3,101.5,Winter,grapes
60,40,34,21.3,69.4,6.6,74.7,Winter,wheat
60,27,32,16.8,55.6,6.6,63.2,Winter,potato
69,33,25,19.2,47.2,7.5,107.5,Winter,grapes
68,35,41,33.6,83.2,6.4,149.1,Spring,papaya
77,33,42,25.1,77.2,6.2,241.9,Summer,banana
83,50,58,25.8,87.2,6.7,162.6,Summer,banana
53,24,38,20.1,69.2,5.7,82.8,Spring,tomato
57,30,26,21.6,66.7,6.4,110.7,Spring,tomato
87,43,39,30.6,73.2,7.0,264.3,Summer,rice
65,44,30,20.1,74.7,7.1,69.2,Winter,wheat
58,47,34,18.2,63.5,5.6,56.1,Winter,apple
52,31,37,10.1,50.7,6.4,69.2,Winter,orange
67,41,26,26.4,78.2,6.8,119.7,Spring,papaya
63,26,29,14.1,45.2,7.5,93.9,Winter,grapes
42,24,29,15.0,54.6,6.8,69.7,Winter,potato
80,46,44,18.3,65.1,6.5,126.6,Winter,apple
65,40,35,29.6,71.1,5.7,117.1,Summer,mango
46,30,24,28.4,69.5,6.3,96.3,Spring,tomato
82,42,33,20.3,68.2,5.5,135.3,Spring,maize
92,50,51,29.2,80.8,6.3,279.0,Summer,banana
63,33,27,33.0,77.0,6.6,110.7,Summer,soybean
51,37,35,21.5,57.5,6.8,118.0,Winter,orange
80,25,41,27.5,65.0,5.7,116.7,Spring,papaya
49,24,21,12.8,47.9,6.4,68.0,Winter,potato
70,29,38,29.0,75.9,6.6,136.2,Summer,mango
68,54,40,16.1,51.8,6.8,148.8,Winter,wheat
81,43,42,32.5,78.4,6.4,85.9,Summer,soybean
45,35,33,8.8,57.5,5.7,79.9,Winter,potato
94,57,45,22.5,85.9,6.2,262.1,Summer,rice
52,23,22,15.6,45.9,5.6,68.6,Winter,carrot
92,56,47,31.8,71.5,6.5,196.5,Summer,rice
85,42,47,21.1,81.1,6.6,249.6,Summer,rice
50,28,31,21.4,60.8,6.6,105.4,Spring,tomato
59,43,33,15.9,52.9,6.1,114.5,Winter,orange
76,49,54,25.8,70.6,5.7,197.9,Summer,banana
58,26,34,13.0,65.8,6.0,71.4,Winter,potato
74,37,40,33.3,75.3,7.4,84.6,Summer,soybean
58,29,33,14.8,51.5,6.0,73.0,Winter,potato
45,25,27,17.3,61.8,5.6,88.6,Winter,carrot
73,33,59,30.2,89.9,6.1,288.9,Summer,banana
62,33,27,9.1,51.3,6.2,116.9,Winter,apple
53,34,39,19.2,53.9,6.2,84.6,Winter,orange
77,60,31,17.6,58.5,6.2,122.8,Winter,wheat
60,39,21,31.1,52.3,5.9,107.9,Autumn,cotton
80,25,40,30.0,82.1,6.6,117.1,Spring,papaya
36,16,35,9.4,60.8,6.4,69.5,Winter,carrot
63,28,41,24.4,65.7,7.3,232.1,Summer,mango
84,32,58,29.1,86.0,5.9,278.6,Summer,banana
45,39,28,14.4,59.2,7.4,79.6,Winter,grapes
97,35,55,24.7,85.1,6.9,165.1,Summer,banana
80,49,39,20.6,59.1,6.2,106.5,Spring,maize
59,31,21,22.0,52.9,6.3,120.5,Spring,tomato
67,37,41,30.5,64.2,6.2,115.3,Summer,soybean
50,29,16,10.5,63.6,6.8,75.8,Winter,carrot
55,39,22,13.6,53.9,7.2,46.4,Winter,grapes
63,43,31,25.3,68.0,6.5,130.6,Spring,maize
49,40,24,19.2,68.4,6.8,108.3,Spring,tomato
43,35,22,12.8,46.3,6.1,65.9,Winter,potato
82,43,39,20.3,86.8,6.5,275.1,Summer,rice
85,39,45,22.0,60.1,5.6,113.2,Spring,maize
70,35,30,26.3,73.9,6.1,123.0,Summer,soybean
80,35,41,28.2,71.5,7.0,250.3,Summer,banana
63,37,43,8.4,57.3,6.9,144.4,Winter,apple
57,37,21,21.6,47.2,6.4,83.0,Winter,grapes
62,25,26,20.1,58.6,5.9,60.2,Spring,tomato
99,42,50,26.1,85.1,6.2,276.7,Summer,rice
56,19,22,18.2,49.6,6.8,45.3,Winter,onion
94,46,43,30.4,86.9,6.3,275.8,Summer,banana
63,53,30,13.8,57.0,7.1,120.7,Winter,wheat
68,31,36,28.6,53.1,7.5,83.4,Autumn,cotton
88,41,41,28.0,72.1,6.2,163.6,Spring,maize
38,23,29,11.5,49.8,5.6,48.9,Winter,onion
78,33,33,33.8,62.3,7.1,239.9,Summer,mango
65,35,33,23.3,49.5,6.6,91.3,Winter,grapes
63,58,30,15.3,54.6,6.3,83.3,Winter,wheat
40,32,33,17.4,46.3,6.2,61.8,Winter,potato
57,41,33,19.5,59.0,6.5,144.2,Winter,orange
66,32,34,26.8,75.9,6.3,97.3,Summer,mango
73,50,50,32.2,81.0,6.6,182.4,Summer,banana
97,34,47,25.5,73.2,6.6,254.7,Summer,banana
68,29,37,15.2,63.3,6.7,107.6,Winter,orange
67,45,35,33.9,61.9,6.9,115.2,Summer,soybean
83,41,39,32.8,73.9,6.4,209.6,Summer,mango
53,39,30,14.3,53.9,6.2,104.1,Winter,orange
98,45,52,32.2,77.4,5.6,242.0,Summer,banana
54,25,30,30.3,69.7,7.0,103.4,Autumn,cotton
51,48,27,12.0,55.9,6.1,132.4,Winter,apple
83,28,28,32.4,81.5,7.0,160.2,Spring,papaya
43,26,28,11.2,67.2,5.7,44.2,Winter,onion
46,37,36,21.2,71.7,6.1,93.9,Spring,tomato
90,36,44,28.3,81.6,5.7,115.8,Summer,mango
61,40,47,27.0,71.4,6.8,140.1,Summer,mango
56,41,25,14.1,59.5,6.0,69.3,Winter,apple
49,30,34,10.5,64.1,6.0,78.8,Winter,potato
43,25,26,19.2,57.5,5.9,52.6,Winter,carrot
50,37,33,13.2,69.2,5.6,74.2,Winter,apple
79,47,41,19.1,67.2,6.2,84.8,Spring,maize
45,34,23,12.5,54.1,6.3,67.9,Winter,potato
44,27,19,19.6,57.4,6.8,52.7,Winter,onion
73,36,37,33.4,74.4,5.6,152.5,Spring,papaya
66,30,47,28.6,72.1,6.1,172.0,Summer,mango
55,31,22,18.8,55.8,6.6,62.8,Winter,potato
55,24,26,18.9,54.0,6.5,117.1,Spring,tomato
71,34,44,11.8,65.5,6.8,115.5,Winter,orange
68,34,37,25.6,45.7,5.9,64.6,Autumn,cotton
57,29,21,30.4,66.5,6.9,107.0,Autumn,cotton
89,42,43,25.7,73.3,6.7,88.3,Spring,maize
53,35,24,18.7,62.3,6.9,118.1,Spring,tomato
93,42,47,21.4,75.9,6.6,247.9,Summer,rice
47,25,31,32.2,56.6,7.2,103.5,Autumn,cotton
63,44,27,27.6,58.4,6.9,74.5,Summer,soybean
56,37,36,15.7,66.9,6.6,51.9,Winter,grapes
88,42,45,27.6,74.5,6.9,287.5,Summer,rice
59,29,30,11.0,52.6,5.9,55.5,Winter,onion
44,38,22,31.7,61.2,6.9,79.0,Autumn,cotton
61,34,40,28.7,79.0,7.5,197.3,Summer,mango
77,39,44,19.8,65.5,6.8,57.9,Winter,apple
97,58,38,23.5,71.4,6.3,236.3,Summer,rice
64,31,26,28.5,64.4,6.7,151.8,Summer,soybean
80,45,59,26.5,86.9,6.2,292.4,Summer,banana
80,42,42,13.0,49.1,6.9,137.9,Winter,apple
82,34,45,31.2,68.6,7.1,219.4,Summer,mango
55,22,38,19.0,48.6,6.4,58.7,Winter,grapes
43,25,19,11.1,53.0,5.9,75.4,Winter,onion
88,40,39,23.3,70.9,6.3,226.9,Summer,rice
54,38,43,18.7,66.4,6.3,145.0,Winter,apple
62,39,32,23.7,59.6,6.8,86.9,Summer,soybean
60,44,35,25.4,69.5,7.1,163.4,Summer,soybean
88,40,46,31.6,84.1,6.0,218.9,Summer,rice
61,30,39,12.6,62.5,6.6,119.1,Winter,apple
61,21,33,24.8,52.7,6.4,62.0,Spring,tomato
64,49,42,18.2,50.7,7.2,96.7,Winter,wheat
73,44,38,29.0,64.8,6.3,86.4,Spring,papaya
75,35,36,25.2,65.6,5.9,83.4,Spring,papaya
57,22,29,17.8,46.1,5.6,51.6,Winter,potato
72,33,44,25.9,73.2,7.2,171.9,Summer,soybean
61,22,25,21.6,58.4,5.7,52.5,Winter,grapes
67,29,28,20.3,67.5,6.1,51.5,Winter,grapes
74,43,33,20.9,73.5,5.6,86.5,Winter,orange
46,22,20,21.0,72.0,5.5,54.0,Spring,tomato
35,25,23,21.1,52.6,6.7,42.8,Winter,onion
48,29,30,9.3,59.2,6.4,40.9,Winter,carrot
56,58,38,15.1,74.1,7.2,55.1,Winter,wheat
44,18,32,21.0,68.4,5.9,70.9,Winter,onion
83,28,33,24.3,82.8,6.8,148.3,Summer,mango
57,33,35,19.2,55.9,6.0,73.3,Winter,carrot
63,34,40,10.1,74.9,5.9,151.4,Winter,orange
71,36,33,25.2,63.8,6.8,70.6,Spring,maize
52,30,29,16.2,65.4,5.9,128.4,Winter,apple
86,40,41,28.0,89.5,6.3,239.0,Summer,rice
80,35,37,26.8,71.2,6.4,71.9,Summer,soybean
67,30,34,31.4,69.8,7.5,178.6,Summer,soybean
70,42,32,18.6,68.4,6.5,81.7,Winter,wheat
77,38,28,19.8,64.2,5.7,119.5,Winter,apple
37,25,17,8.6,55.6,5.8,52.7,Winter,carrot
50,49,35,11.2,72.1,6.8,138.2,Winter,wheat
80,46,42,24.0,87.4,5.7,268.2,Summer,rice
63,52,48,11.7,54.2,7.2,134.1,Winter,wheat
53,50,43,17.9,53.4,6.4,102.0,Winter,apple
59,27,36,20.2,64.4,7.5,42.0,Winter,grapes
82,28,31,33.1,68.0,5.8,86.4,Spring,papaya
58,36,20,17.7,68.6,6.0,45.3,Winter,grapes
72,43,42,18.4,52.0,6.2,148.2,Winter,orange
74,34,38,20.3,68.3,5.6,167.9,Spring,maize
80,40,36,18.5,70.3,5.6,99.3,Spring,maize
59,32,22,15.8,52.4,6.2,70.7,Winter,carrot
61,39,32,14.6,50.9,5.8,66.8,Winter,orange
44,18,17,10.4,60.3,6.5,44.5,Winter,onion
54,37,32,25.3,57.6,5.8,50.2,Autumn,cotton
56,30,25,14.5,48.6,5.8,46.9,Winter,onion
56,29,15,15.2,52.7,6.5,58.7,Winter,carrot
73,30,31,24.9,71.4,6.0,114.9,Spring,papaya
55,25,40,13.6,62.9,5.8,72.4,Winter,orange
75,45,40,22.7,73.8,6.6,128.3,Spring,papaya
55,32,25,14.2,59.3,5.9,77.4,Winter,onion
67,37,26,21.3,61.1,6.5,91.4,Winter,orange
63,20,34,19.2,49.7,7.4,107.8,Winter,grapes
65,28,24,14.9,46.3,6.4,72.6,Winter,potato
84,42,37,28.9,80.6,6.6,132.7,Spring,papaya
52,18,31,12.0,58.7,5.6,57.5,Winter,carrot
64,25,25,16.8,51.0,5.8,59.4,Winter,grapes
67,46,37,25.6,65.2,6.0,152.3,Spring,maize
65,31,28,8.7,69.0,6.6,112.4,Winter,apple
61,30,31,31.9,77.2,6.2,82.5,Summer,mango
93,40,58,24.3,79.3,6.9,286.0,Summer,banana
67,34,27,26.2,71.1,5.8,130.8,Spring,tomato
50,55,43,18.9,73.8,7.2,131.5,Winter,wheat
67,40,39,28.5,73.4,5.5,144.1,Spring,maize
72,40,31,23.3,60.8,6.0,156.0,Summer,soybean
84,42,45,30.5,83.0,5.7,280.7,Summer,banana
61,35,40,25.3,74.6,6.9,72.9,Spring,maize
68,44,32,11.3,53.4,5.7,132.8,Winter,apple
65,38,34,33.1,59.1,6.4,168.2,Summer,soybean
46,20,28,14.1,47.9,5.8,43.6,Winter,potato
61,39,44,29.8,70.5,6.4,125.8,Spring,maize
55,50,40,8.6,47.5,6.9,95.8,Winter,apple
46,27,30,8.9,69.1,5.6,90.1,Winter,potato
65,36,44,24.8,80.7,6.5,139.3,Spring,papaya
75,50,32,15.7,66.5,6.1,69.1,Winter,apple
58,29,38,25.4,56.2,6.5,88.5,Spring,tomato
58,20,38,29.7,61.5,6.3,76.6,Spring,tomato
81,42,33,27.4,78.6,6.8,158.7,Summer,soybean
93,38,37,21.4,89.2,6.3,193.2,Summer,rice
80,43,40,24.6,61.3,6.4,163.1,Spring,maize
76,39,40,26.9,80.4,5.8,166.2,Summer,banana
80,35,48,28.3,69.2,5.6,159.9,Summer,mango
49,27,33,19.7,53.4,6.0,67.7,Winter,potato
50,35,26,13.6,67.7,6.1,90.5,Winter,onion
53,34,35,12.0,59.7,6.6,65.5,Winter,carrot
94,47,47,22.5,80.3,5.8,221.2,Summer,rice
59,25,34,16.8,49.1,6.0,61.1,Winter,carrot
52,25,40,23.9,66.2,6.7,57.3,Spring,tomato
75,40,45,11.5,71.0,7.3,146.7,Winter,wheat
58,24,16,19.1,46.4,6.0,59.8,Winter,carrot
81,37,39,21.7,74.3,6.3,241.1,Summer,rice
53,26,21,31.3,51.2,7.4,113.9,Autumn,cotton
72,40,39,25.4,74.7,7.0,120.4,Summer,soybean
44,32,33,15.7,48.4,6.8,83.5,Winter,potato
51,37,44,10.1,72.6,6.8,120.9,Winter,orange
62,37,27,24.0,50.7,6.9,79.1,Spring,tomato
83,45,49,24.9,64.2,6.3,102.2,Summer,mango
59,31,29,12.4,54.3,6.9,121.9,Winter,orange
66,45,43,33.6,79.7,7.2,192.6,Summer,mango
68,31,30,20.2,56.1,6.7,123.1,Spring,maize
96,33,44,27.0,75.8,5.7,210.7,Summer,banana
67,20,20,22.4,57.9,6.2,106.7,Spring,tomato
68,26,39,28.3,65.4,6.6,56.6,Spring,tomato
90,48,40,23.5,76.6,5.6,265.8,Summer,rice
54,21,40,30.0,53.8,6.9,110.7,Spring,tomato
77,36,29,25.2,83.7,6.9,162.3,Spring,papaya
65,47,30,24.9,71.1,5.7,127.6,Spring,maize
41,29,31,16.0,64.1,6.0,47.9,Winter,onion
63,36,29,22.7,66.7,6.1,138.7,Spring,papaya
94,50,44,27.5,86.0,6.2,184.2,Summer,banana
57,16,23,16.3,68.5,6.2,40.9,Winter,onion
35,26,22,10.2,51.4,5.6,75.3,Winter,onion
66,36,25,29.9,53.8,7.0,73.3,Spring,tomato
77,45,44,19.1,74.4,5.8,103.5,Spring,maize
63,34,31,33.5,58.1,7.3,174.1,Summer,soybean
61,23,37,27.7,47.6,6.9,62.7,Autumn,cotton
75,27,25,31.9,65.0,7.0,138.9,Summer,soybean
49,32,34,12.1,52.2,6.2,90.8,Winter,onion
74,40,41,20.9,71.5,5.6,175.8,Spring,maize
73,31,40,15.5,61.5,5.9,102.9,Winter,orange
51,35,21,13.3,66.7,6.2,50.7,Winter,potato
64,20,32,27.5,57.9,7.5,64.7,Autumn,cotton
83,49,44,19.7,60.4,5.7,91.8,Spring,maize
60,60,31,15.6,74.9,6.0,83.6,Winter,wheat
54,29,22,11.3,52.6,6.1,70.0,Winter,potato
51,47,40,10.7,56.8,6.5,68.7,Winter,apple
66,37,32,33.2,71.8,6.3,135.1,Spring,papaya
74,51,41,18.9,70.3,6.2,135.0,Winter,wheat
77,60,38,10.3,61.6,6.9,113.8,Winter,wheat
61,40,27,13.0,58.0,7.0,47.3,Winter,grapes
53,40,39,14.4,63.9,6.3,107.6,Winter,grapes
90,35,44,32.3,75.1,6.3,161.9,Summer,banana
74,35,28,28.4,74.6,6.1,94.0,Summer,soybean
56,40,25,25.2,58.3,6.5,131.8,Spring,tomato
46,20,25,15.8,57.3,5.7,69.5,Winter,carrot
